id,district,district_name,building_type,category,life_system,is_landmark,center_m,lot_size_m,footprint_m,rotation_deg,nearest_road,entrance_side,floors,height_class,layout_id,base_plan,footprint_shape,floorplan_family,bedrooms,bathrooms,entrance_offset,window_pattern,stair_pattern,roof,facade,palette,feature,condition,room_twist,design_signature,visual_signature,status
P001,Z01,西北森林与湖泊,boathouse,special,休闲文化,False,"[144.4, 266.1]","[54.1, 49.0]","[36.8, 33.3]",0,R04,北,1,低层,L001,N001,错位双矩形,boathouse-功能分区-01,0,2,0.16,转角窗组,无楼梯,带前廊双坡,浅黄灰泥,浅青,前廊,火灾熏黑,车库内门,boathouse:001:037,"boathouse|错位双矩形|boathouse-功能分区-01|0|2|0.16|转角窗组|无楼梯|带前廊双坡|浅黄灰泥|浅青|前廊|1|[36.8, 33.3]|车库内门",planned
P002,Z01,西北森林与湖泊,ranger_station,special,其他,False,"[306.8, 255.9]","[45.2, 43.5]","[30.8, 29.6]",0,R04,北,1,低层,L002,N002,前凸形,ranger_station-功能分区-02,0,1,-0.01,凸窗组合,无楼梯,双坡,蓝灰木板,砖红,前廊,屋顶轻损,前置客厅,ranger_station:002:074,"ranger_station|前凸形|ranger_station-功能分区-02|0|1|-0.01|凸窗组合|无楼梯|双坡|蓝灰木板|砖红|前廊|1|[30.8, 29.6]|前置客厅",planned
P003,Z01,西北森林与湖泊,maintenance_shed,special,基础设施,False,"[57.9, 202.2]","[55.4, 60.7]","[37.7, 41.3]",0,R04,南,1,低层,L003,N003,矩形,maintenance_shed-功能分区-03,0,2,-0.18,前一侧二,无楼梯,带前廊双坡,浅黄灰泥,松绿,前廊,杂草侵占,独立餐厅,maintenance_shed:003:111,"maintenance_shed|矩形|maintenance_shed-功能分区-03|0|2|-0.18|前一侧二|无楼梯|带前廊双坡|浅黄灰泥|松绿|前廊|1|[37.7, 41.3]|独立餐厅",planned
P004,Z01,西北森林与湖泊,campground_service,special,休闲文化,False,"[211.6, 282.1]","[53.6, 52.7]","[36.4, 35.8]",0,R04,北,1,低层,L004,N004,错位双矩形,campground_service-功能分区-04,0,2,0.3,窄窗组合,无楼梯,双坡,蓝灰木板,浅青,前廊,维护良好,车库内门,campground_service:004:148,"campground_service|错位双矩形|campground_service-功能分区-04|0|2|0.3|窄窗组合|无楼梯|双坡|蓝灰木板|浅青|前廊|1|[36.4, 35.8]|车库内门",planned
P005,Z01,西北森林与湖泊,visitor_center,special,休闲文化,False,"[276.3, 152.8]","[54.6, 61.2]","[37.1, 41.6]",0,R04,南,1,低层,L005,N005,前凸形,visitor_center-功能分区-05,0,2,0.13,前二侧一,无楼梯,带前廊双坡,浅黄灰泥,砖红,前廊,火灾熏黑,前置客厅,visitor_center:005:185,"visitor_center|前凸形|visitor_center-功能分区-05|0|2|0.13|前二侧一|无楼梯|带前廊双坡|浅黄灰泥|砖红|前廊|1|[37.1, 41.6]|前置客厅",planned
P006,Z01,西北森林与湖泊,detached_house,residential,居住,False,"[282.6, 58.0]","[24.6, 40.5]","[15.3, 25.1]",0,R05,东,1,低层,L006,H001,矩形,L形动线,2,1,-0.04,转角窗组,无楼梯,双坡,蓝灰木板,松绿,前廊,屋顶轻损,独立餐厅,detached_house:006:222,"detached_house|矩形|L形动线|2|1|-0.04|转角窗组|无楼梯|双坡|蓝灰木板|松绿|前廊|1|[15.3, 25.1]|独立餐厅",planned
P007,Z01,西北森林与湖泊,forest_cabin,residential,居住,False,"[319.4, 59.1]","[24.5, 36.1]","[15.2, 22.4]",0,R05,东,1,低层,L007,H002,L形左翼,环形动线,1,1,-0.21,凸窗组合,无楼梯,带前廊双坡,浅黄灰泥,浅青,前廊,杂草侵占,车库内门,forest_cabin:007:259,"forest_cabin|L形左翼|环形动线|1|1|-0.21|凸窗组合|无楼梯|带前廊双坡|浅黄灰泥|浅青|前廊|1|[15.2, 22.4]|车库内门",planned
P008,Z01,西北森林与湖泊,forest_cabin,residential,居住,False,"[215.8, 190.1]","[32.8, 31.0]","[20.4, 19.2]",0,R04,南,1,低层,L008,H003,L形右翼,开放核心,2,1,0.27,前一侧二,无楼梯,双坡,蓝灰木板,砖红,前廊,维护良好,前置客厅,forest_cabin:008:296,"forest_cabin|L形右翼|开放核心|2|1|0.27|前一侧二|无楼梯|双坡|蓝灰木板|砖红|前廊|1|[20.4, 19.2]|前置客厅",planned
P009,Z01,西北森林与湖泊,forest_cabin,residential,居住,False,"[180.0, 194.0]","[26.0, 31.4]","[16.1, 19.5]",0,R04,南,1,低层,L009,H004,前凸形,纵深串联,1,1,0.1,窄窗组合,无楼梯,带前廊双坡,浅黄灰泥,松绿,前廊,火灾熏黑,独立餐厅,forest_cabin:009:333,"forest_cabin|前凸形|纵深串联|1|1|0.1|窄窗组合|无楼梯|带前廊双坡|浅黄灰泥|松绿|前廊|1|[16.1, 19.5]|独立餐厅",planned
P010,Z01,西北森林与湖泊,forest_cabin,residential,居住,False,"[245.5, 228.5]","[29.6, 32.5]","[18.4, 20.2]",0,R04,北,1,低层,L010,H005,后凸形,中央走廊,2,1,-0.07,前二侧一,无楼梯,双坡,蓝灰木板,浅青,前廊,屋顶轻损,车库内门,forest_cabin:010:370,"forest_cabin|后凸形|中央走廊|2|1|-0.07|前二侧一|无楼梯|双坡|蓝灰木板|浅青|前廊|1|[18.4, 20.2]|车库内门",planned
P011,Z01,西北森林与湖泊,forest_cabin,residential,居住,False,"[311.5, 100.5]","[30.0, 31.6]","[18.6, 19.6]",0,R05,东,1,低层,L011,H006,主屋加侧翼,前厅分流,1,1,-0.24,转角窗组,无楼梯,带前廊双坡,浅黄灰泥,砖红,前廊,杂草侵占,前置客厅,forest_cabin:011:407,"forest_cabin|主屋加侧翼|前厅分流|1|1|-0.24|转角窗组|无楼梯|带前廊双坡|浅黄灰泥|砖红|前廊|1|[18.6, 19.6]|前置客厅",planned
P012,Z01,西北森林与湖泊,detached_house,residential,居住,False,"[34.4, 257.8]","[37.3, 36.9]","[23.1, 22.9]",0,R04,南,2,低层,L012,H007,错位双矩形,双区分隔,4,1,0.24,凸窗组合,客厅转角梯,双坡,蓝灰木板,松绿,前廊,维护良好,独立餐厅,detached_house:012:444,"detached_house|错位双矩形|双区分隔|4|1|0.24|凸窗组合|客厅转角梯|双坡|蓝灰木板|松绿|前廊|2|[23.1, 22.9]|独立餐厅",planned
P013,Z02,北部农场带,veterinary_clinic,civic,医疗,False,"[373.8, 216.0]","[50.1, 42.1]","[36.1, 30.3]",0,R04,北,1,低层,L013,N006,T形,veterinary_clinic-功能分区-06,0,1,0.05,前二侧一,无楼梯,带前廊双坡,蓝灰木板,浅青,前廊,杂草侵占,车库内门,veterinary_clinic:013:481,"veterinary_clinic|T形|veterinary_clinic-功能分区-06|0|1|0.05|前二侧一|无楼梯|带前廊双坡|蓝灰木板|浅青|前廊|1|[36.1, 30.3]|车库内门",planned
P014,Z02,北部农场带,barn,rural,农业生产,False,"[537.2, 144.9]","[56.5, 50.3]","[32.8, 29.2]",0,R04,西,1,低层,L014,N007,后凸形,barn-功能分区-07,0,1,-0.12,转角窗组,无楼梯,双坡,浅黄灰泥,砖红,前廊,维护良好,前置客厅,barn:014:518,"barn|后凸形|barn-功能分区-07|0|1|-0.12|转角窗组|无楼梯|双坡|浅黄灰泥|砖红|前廊|1|[32.8, 29.2]|前置客厅",planned
P015,Z02,北部农场带,grain_silo,rural,农业生产,False,"[473.5, 245.7]","[39.9, 63.9]","[23.2, 37.1]",90,R03,东,1,低层,L015,N008,L形左翼,grain_silo-功能分区-08,0,1,-0.29,凸窗组合,无楼梯,带前廊双坡,蓝灰木板,松绿,前廊,火灾熏黑,独立餐厅,grain_silo:015:555,"grain_silo|L形左翼|grain_silo-功能分区-08|0|1|-0.29|凸窗组合|无楼梯|带前廊双坡|蓝灰木板|松绿|前廊|1|[23.2, 37.1]|独立餐厅",planned
P016,Z02,北部农场带,rural_outbuilding,rural,农业生产,False,"[620.6, 118.8]","[40.8, 52.1]","[23.6, 30.2]",0,R05,北,1,低层,L016,N009,T形,rural_outbuilding-功能分区-09,0,1,0.19,前一侧二,无楼梯,双坡,浅黄灰泥,浅青,前廊,屋顶轻损,车库内门,rural_outbuilding:016:592,"rural_outbuilding|T形|rural_outbuilding-功能分区-09|0|1|0.19|前一侧二|无楼梯|双坡|浅黄灰泥|浅青|前廊|1|[23.6, 30.2]|车库内门",planned
P017,Z02,北部农场带,rural_outbuilding,rural,农业生产,False,"[387.2, 36.3]","[40.8, 61.0]","[23.6, 35.4]",0,R05,南,1,低层,L017,N010,后凸形,rural_outbuilding-功能分区-10,0,1,0.02,窄窗组合,无楼梯,带前廊双坡,蓝灰木板,砖红,前廊,杂草侵占,前置客厅,rural_outbuilding:017:629,"rural_outbuilding|后凸形|rural_outbuilding-功能分区-10|0|1|0.02|窄窗组合|无楼梯|带前廊双坡|蓝灰木板|砖红|前廊|1|[23.6, 35.4]|前置客厅",planned
P018,Z02,北部农场带,rural_outbuilding,rural,农业生产,False,"[385.4, 267.4]","[48.1, 64.0]","[27.9, 37.1]",90,R12,南,1,低层,L018,N011,L形左翼,rural_outbuilding-功能分区-11,0,1,-0.15,前二侧一,无楼梯,双坡,浅黄灰泥,松绿,前廊,维护良好,独立餐厅,rural_outbuilding:018:666,"rural_outbuilding|L形左翼|rural_outbuilding-功能分区-11|0|1|-0.15|前二侧一|无楼梯|双坡|浅黄灰泥|松绿|前廊|1|[27.9, 37.1]|独立餐厅",planned
P019,Z02,北部农场带,barn,rural,农业生产,False,"[581.8, 242.9]","[51.4, 63.1]","[29.8, 36.6]",90,R03,西,1,低层,L019,N012,T形,barn-功能分区-12,0,1,-0.32,转角窗组,无楼梯,带前廊双坡,蓝灰木板,浅青,前廊,火灾熏黑,车库内门,barn:019:703,"barn|T形|barn-功能分区-12|0|1|-0.32|转角窗组|无楼梯|带前廊双坡|蓝灰木板|浅青|前廊|1|[29.8, 36.6]|车库内门",planned
P020,Z02,北部农场带,barn,rural,农业生产,False,"[455.0, 178.5]","[53.8, 54.0]","[31.2, 31.3]",0,R04,北,1,低层,L020,N013,后凸形,barn-功能分区-13,0,1,0.16,凸窗组合,无楼梯,双坡,浅黄灰泥,砖红,前廊,屋顶轻损,前置客厅,barn:020:740,"barn|后凸形|barn-功能分区-13|0|1|0.16|凸窗组合|无楼梯|双坡|浅黄灰泥|砖红|前廊|1|[31.2, 31.3]|前置客厅",planned
P021,Z02,北部农场带,rural_outbuilding,rural,农业生产,False,"[597.9, 190.4]","[40.3, 45.5]","[23.4, 26.4]",90,R03,西,1,低层,L021,N014,L形左翼,rural_outbuilding-功能分区-14,0,1,-0.01,前一侧二,无楼梯,带前廊双坡,蓝灰木板,松绿,前廊,杂草侵占,独立餐厅,rural_outbuilding:021:777,"rural_outbuilding|L形左翼|rural_outbuilding-功能分区-14|0|1|-0.01|前一侧二|无楼梯|带前廊双坡|蓝灰木板|松绿|前廊|1|[23.4, 26.4]|独立餐厅",planned
P022,Z02,北部农场带,barn,rural,农业生产,False,"[426.1, 115.4]","[42.7, 48.5]","[24.8, 28.1]",0,R04,南,1,低层,L022,N015,T形,barn-功能分区-15,0,1,-0.18,窄窗组合,无楼梯,双坡,浅黄灰泥,浅青,前廊,维护良好,车库内门,barn:022:814,"barn|T形|barn-功能分区-15|0|1|-0.18|窄窗组合|无楼梯|双坡|浅黄灰泥|浅青|前廊|1|[24.8, 28.1]|车库内门",planned
P023,Z02,北部农场带,barn,rural,农业生产,False,"[582.4, 65.1]","[55.8, 42.3]","[32.4, 24.5]",0,R05,南,1,低层,L023,N016,后凸形,barn-功能分区-16,0,1,0.3,前二侧一,无楼梯,带前廊双坡,蓝灰木板,砖红,前廊,火灾熏黑,前置客厅,barn:023:851,"barn|后凸形|barn-功能分区-16|0|1|0.3|前二侧一|无楼梯|带前廊双坡|蓝灰木板|砖红|前廊|1|[32.4, 24.5]|前置客厅",planned
P024,Z02,北部农场带,farm_supply,commercial,零售服务,False,"[528.6, 258.9]","[30.4, 34.7]","[21.9, 25.0]",90,R03,西,1,低层,L024,N017,L形左翼,farm_supply-功能分区-17,0,1,0.13,转角窗组,无楼梯,双坡,浅黄灰泥,松绿,前廊,屋顶轻损,独立餐厅,farm_supply:024:888,"farm_supply|L形左翼|farm_supply-功能分区-17|0|1|0.13|转角窗组|无楼梯|双坡|浅黄灰泥|松绿|前廊|1|[21.9, 25.0]|独立餐厅",planned
P025,Z02,北部农场带,feed_store,commercial,零售服务,False,"[673.6, 295.7]","[31.8, 32.7]","[22.9, 23.5]",90,R06,东,1,低层,L025,N018,T形,feed_store-功能分区-18,0,1,-0.04,凸窗组合,无楼梯,带前廊双坡,蓝灰木板,浅青,前廊,杂草侵占,车库内门,feed_store:025:925,"feed_store|T形|feed_store-功能分区-18|0|1|-0.04|凸窗组合|无楼梯|带前廊双坡|蓝灰木板|浅青|前廊|1|[22.9, 23.5]|车库内门",planned
P026,Z02,北部农场带,farmhouse,residential,居住,False,"[658.1, 61.4]","[32.8, 40.3]","[20.4, 25.0]",0,R05,南,1,低层,L026,H008,T形,开放核心,4,2,-0.21,前一侧二,无楼梯,双坡,浅黄灰泥,砖红,前廊,维护良好,前置客厅,farmhouse:026:962,"farmhouse|T形|开放核心|4|2|-0.21|前一侧二|无楼梯|双坡|浅黄灰泥|砖红|前廊|1|[20.4, 25.0]|前置客厅",planned
P027,Z02,北部农场带,detached_house,residential,居住,False,"[648.3, 206.4]","[29.3, 42.2]","[18.2, 26.1]",90,R06,东,1,低层,L027,H009,矩形,纵深串联,2,1,0.27,窄窗组合,无楼梯,带前廊双坡,蓝灰木板,松绿,前廊,火灾熏黑,独立餐厅,detached_house:027:002,"detached_house|矩形|纵深串联|2|1|0.27|窄窗组合|无楼梯|带前廊双坡|蓝灰木板|松绿|前廊|1|[18.2, 26.1]|独立餐厅",planned
P028,Z02,北部农场带,farmhouse,residential,居住,False,"[589.6, 308.9]","[32.6, 44.7]","[20.2, 27.7]",90,R13,南,1,低层,L028,H010,L形左翼,中央走廊,3,2,0.1,前二侧一,无楼梯,双坡,浅黄灰泥,浅青,前廊,屋顶轻损,车库内门,farmhouse:028:039,"farmhouse|L形左翼|中央走廊|3|2|0.1|前二侧一|无楼梯|双坡|浅黄灰泥|浅青|前廊|1|[20.2, 27.7]|车库内门",planned
P029,Z02,北部农场带,farmhouse,residential,居住,False,"[388.0, 123.8]","[24.7, 39.8]","[15.3, 24.7]",0,R04,南,1,低层,L029,H011,L形右翼,前厅分流,4,1,-0.07,转角窗组,无楼梯,带前廊双坡,蓝灰木板,砖红,前廊,杂草侵占,前置客厅,farmhouse:029:076,"farmhouse|L形右翼|前厅分流|4|1|-0.07|转角窗组|无楼梯|带前廊双坡|蓝灰木板|砖红|前廊|1|[15.3, 24.7]|前置客厅",planned
P030,Z02,北部农场带,farmhouse,residential,居住,False,"[667.0, 256.5]","[27.2, 44.9]","[16.9, 27.8]",90,R06,东,1,低层,L030,H012,前凸形,双区分隔,2,1,-0.24,凸窗组合,无楼梯,双坡,浅黄灰泥,松绿,前廊,维护良好,独立餐厅,farmhouse:030:113,"farmhouse|前凸形|双区分隔|2|1|-0.24|凸窗组合|无楼梯|双坡|浅黄灰泥|松绿|前廊|1|[16.9, 27.8]|独立餐厅",planned
P031,Z02,北部农场带,farmhouse,residential,居住,False,"[452.2, 44.3]","[30.9, 29.2]","[19.1, 18.1]",0,R05,南,1,低层,L031,H013,后凸形,侧走廊,3,1,0.24,前一侧二,无楼梯,带前廊双坡,蓝灰木板,浅青,前廊,火灾熏黑,车库内门,farmhouse:031:150,"farmhouse|后凸形|侧走廊|3|1|0.24|前一侧二|无楼梯|带前廊双坡|蓝灰木板|浅青|前廊|1|[19.1, 18.1]|车库内门",planned
P032,Z02,北部农场带,detached_house,residential,居住,False,"[533.2, 46.5]","[37.4, 29.1]","[23.2, 18.0]",90,R03,西,2,低层,L032,H014,主屋加侧翼,L形动线,3,2,0.07,窄窗组合,后部直梯,双坡,浅黄灰泥,砖红,前廊,屋顶轻损,前置客厅,detached_house:032:187,"detached_house|主屋加侧翼|L形动线|3|2|0.07|窄窗组合|后部直梯|双坡|浅黄灰泥|砖红|前廊|2|[23.2, 18.0]|前置客厅",planned
P033,Z02,北部农场带,farmhouse,residential,居住,False,"[674.6, 130.1]","[28.8, 38.7]","[17.9, 24.0]",0,R05,北,1,低层,L033,H015,错位双矩形,环形动线,2,1,-0.1,前二侧一,无楼梯,带前廊双坡,蓝灰木板,松绿,前廊,杂草侵占,独立餐厅,farmhouse:033:224,"farmhouse|错位双矩形|环形动线|2|1|-0.1|前二侧一|无楼梯|带前廊双坡|蓝灰木板|松绿|前廊|1|[17.9, 24.0]|独立餐厅",planned
P034,Z02,北部农场带,farmhouse,residential,居住,False,"[467.8, 113.4]","[24.5, 30.7]","[15.2, 19.0]",90,R03,东,1,低层,L034,H016,T形,开放核心,3,2,-0.27,转角窗组,无楼梯,双坡,浅黄灰泥,浅青,前廊,维护良好,车库内门,farmhouse:034:261,"farmhouse|T形|开放核心|3|2|-0.27|转角窗组|无楼梯|双坡|浅黄灰泥|浅青|前廊|1|[15.2, 19.0]|车库内门",planned
P035,Z03,东北公路服务区,warehouse,industrial,工业物流,False,"[963.2, 93.4]","[48.8, 49.5]","[37.1, 37.6]",0,R06,南,1,低层,L035,N019,后凸形,warehouse-功能分区-19,0,2,-0.26,窄窗组合,无楼梯,低坡顶,红砖,暗黄,后露台,维护良好,储藏间,warehouse:035:298,"warehouse|后凸形|warehouse-功能分区-19|0|2|-0.26|窄窗组合|无楼梯|低坡顶|红砖|暗黄|后露台|1|[37.1, 37.6]|储藏间",planned
P036,Z03,东北公路服务区,auto_shop,commercial,交通车辆,False,"[876.8, 52.0]","[33.2, 33.8]","[23.9, 24.4]",0,R06,南,1,低层,L036,N020,L形左翼,auto_shop-功能分区-20,0,1,0.22,前二侧一,无楼梯,L形双坡,米色石材,土褐,后露台,火灾熏黑,狭长走廊,auto_shop:036:335,"auto_shop|L形左翼|auto_shop-功能分区-20|0|1|0.22|前二侧一|无楼梯|L形双坡|米色石材|土褐|后露台|1|[23.9, 24.4]|狭长走廊",planned
P037,Z03,东北公路服务区,fast_food,commercial,食品补给,False,"[847.7, 190.2]","[46.4, 36.4]","[33.4, 26.2]",0,R01,南,1,低层,L037,N021,T形,fast_food-功能分区-21,0,1,0.05,转角窗组,无楼梯,低坡顶,红砖,橄榄,后露台,屋顶轻损,封闭阳台,fast_food:037:372,"fast_food|T形|fast_food-功能分区-21|0|1|0.05|转角窗组|无楼梯|低坡顶|红砖|橄榄|后露台|1|[33.4, 26.2]|封闭阳台",planned
P038,Z03,东北公路服务区,gas_station,commercial,交通车辆,False,"[783.3, 210.0]","[36.7, 33.6]","[26.4, 24.2]",90,R01,东,1,低层,L038,N022,后凸形,gas_station-功能分区-22,0,1,-0.12,凸窗组合,无楼梯,L形双坡,米色石材,暗黄,后露台,杂草侵占,储藏间,gas_station:038:409,"gas_station|后凸形|gas_station-功能分区-22|0|1|-0.12|凸窗组合|无楼梯|L形双坡|米色石材|暗黄|后露台|1|[26.4, 24.2]|储藏间",planned
P039,Z03,东北公路服务区,convenience_store,commercial,食品补给,False,"[996.9, 228.8]","[31.3, 39.3]","[22.5, 28.3]",90,R06,西,1,低层,L039,N023,L形左翼,convenience_store-功能分区-23,0,1,-0.29,前一侧二,无楼梯,低坡顶,红砖,土褐,后露台,维护良好,狭长走廊,convenience_store:039:446,"convenience_store|L形左翼|convenience_store-功能分区-23|0|1|-0.29|前一侧二|无楼梯|低坡顶|红砖|土褐|后露台|1|[22.5, 28.3]|狭长走廊",planned
P040,Z03,东北公路服务区,car_wash,commercial,交通车辆,False,"[750.2, 287.9]","[44.8, 42.6]","[32.3, 30.6]",0,R06,北,1,低层,L040,N024,T形,car_wash-功能分区-24,0,1,0.19,窄窗组合,无楼梯,L形双坡,米色石材,橄榄,后露台,火灾熏黑,封闭阳台,car_wash:040:483,"car_wash|T形|car_wash-功能分区-24|0|1|0.19|窄窗组合|无楼梯|L形双坡|米色石材|橄榄|后露台|1|[32.3, 30.6]|封闭阳台",planned
P041,Z03,东北公路服务区,self_storage,commercial,交通车辆,False,"[921.4, 187.6]","[43.0, 44.7]","[31.0, 32.2]",0,R06,北,1,低层,L041,N025,后凸形,self_storage-功能分区-25,0,1,0.02,前二侧一,无楼梯,低坡顶,红砖,暗黄,后露台,屋顶轻损,储藏间,self_storage:041:520,"self_storage|后凸形|self_storage-功能分区-25|0|1|0.02|前二侧一|无楼梯|低坡顶|红砖|暗黄|后露台|1|[31.0, 32.2]|储藏间",planned
P042,Z03,东北公路服务区,truck_stop,commercial,交通车辆,False,"[791.4, 58.8]","[46.1, 44.3]","[33.2, 31.9]",90,R01,西,1,低层,L042,N026,L形左翼,truck_stop-功能分区-26,0,1,-0.15,转角窗组,无楼梯,L形双坡,米色石材,土褐,后露台,杂草侵占,狭长走廊,truck_stop:042:557,"truck_stop|L形左翼|truck_stop-功能分区-26|0|1|-0.15|转角窗组|无楼梯|L形双坡|米色石材|土褐|后露台|1|[33.2, 31.9]|狭长走廊",planned
P043,Z03,东北公路服务区,diner,commercial,食品补给,False,"[812.2, 114.7]","[38.3, 33.0]","[27.6, 23.8]",0,R06,南,1,低层,L043,N027,T形,diner-功能分区-27,0,1,-0.32,凸窗组合,无楼梯,低坡顶,红砖,橄榄,后露台,维护良好,封闭阳台,diner:043:594,"diner|T形|diner-功能分区-27|0|1|-0.32|凸窗组合|无楼梯|低坡顶|红砖|橄榄|后露台|1|[27.6, 23.8]|封闭阳台",planned
P044,Z03,东北公路服务区,motel_unit,residential,居住,False,"[818.2, 289.9]","[36.4, 31.8]","[22.5, 19.7]",0,R06,北,1,低层,L044,H017,矩形,双区分隔,1,1,0.16,前一侧二,无楼梯,L形双坡,米色石材,暗黄,后露台,火灾熏黑,储藏间,motel_unit:044:631,"motel_unit|矩形|双区分隔|1|1|0.16|前一侧二|无楼梯|L形双坡|米色石材|暗黄|后露台|1|[22.5, 19.7]|储藏间",planned
P045,Z03,东北公路服务区,detached_house,residential,居住,False,"[921.6, 42.7]","[36.6, 35.6]","[22.7, 22.1]",0,R06,南,1,低层,L045,H018,L形左翼,侧走廊,3,2,-0.01,窄窗组合,无楼梯,低坡顶,红砖,土褐,后露台,屋顶轻损,狭长走廊,detached_house:045:668,"detached_house|L形左翼|侧走廊|3|2|-0.01|窄窗组合|无楼梯|低坡顶|红砖|土褐|后露台|1|[22.7, 22.1]|狭长走廊",planned
P046,Z03,东北公路服务区,detached_house,residential,居住,False,"[869.2, 254.0]","[26.1, 31.6]","[16.2, 19.6]",0,R06,南,1,低层,L046,H019,L形右翼,L形动线,4,1,-0.18,前二侧一,无楼梯,L形双坡,米色石材,橄榄,后露台,杂草侵占,封闭阳台,detached_house:046:705,"detached_house|L形右翼|L形动线|4|1|-0.18|前二侧一|无楼梯|L形双坡|米色石材|橄榄|后露台|1|[16.2, 19.6]|封闭阳台",planned
P047,Z03,东北公路服务区,detached_house,residential,居住,False,"[974.3, 144.9]","[24.5, 44.9]","[15.2, 27.8]",0,R06,南,1,低层,L047,H020,前凸形,环形动线,1,1,0.3,转角窗组,无楼梯,低坡顶,红砖,暗黄,后露台,维护良好,储藏间,detached_house:047:742,"detached_house|前凸形|环形动线|1|1|0.3|转角窗组|无楼梯|低坡顶|红砖|暗黄|后露台|1|[15.2, 27.8]|储藏间",planned
P048,Z03,东北公路服务区,motel_unit,residential,居住,False,"[950.7, 295.7]","[35.3, 31.2]","[21.9, 19.4]",90,R06,西,1,低层,L048,H021,后凸形,开放核心,1,1,0.13,凸窗组合,无楼梯,L形双坡,米色石材,土褐,后露台,火灾熏黑,狭长走廊,motel_unit:048:779,"motel_unit|后凸形|开放核心|1|1|0.13|凸窗组合|无楼梯|L形双坡|米色石材|土褐|后露台|1|[21.9, 19.4]|狭长走廊",planned
P049,Z03,东北公路服务区,motel_unit,residential,居住,False,"[733.1, 46.2]","[32.7, 32.1]","[20.3, 19.9]",90,R01,西,1,低层,L049,H022,主屋加侧翼,纵深串联,1,1,-0.04,前一侧二,无楼梯,低坡顶,红砖,橄榄,后露台,屋顶轻损,封闭阳台,motel_unit:049:816,"motel_unit|主屋加侧翼|纵深串联|1|1|-0.04|前一侧二|无楼梯|低坡顶|红砖|橄榄|后露台|1|[20.3, 19.9]|封闭阳台",planned
P050,Z03,东北公路服务区,motel_unit,residential,居住,False,"[835.3, 55.3]","[25.8, 28.8]","[16.0, 17.9]",0,R06,南,1,低层,L050,H023,错位双矩形,中央走廊,1,1,-0.21,窄窗组合,无楼梯,L形双坡,米色石材,暗黄,后露台,杂草侵占,储藏间,motel_unit:050:853,"motel_unit|错位双矩形|中央走廊|1|1|-0.21|窄窗组合|无楼梯|L形双坡|米色石材|暗黄|后露台|1|[16.0, 17.9]|储藏间",planned
P051,Z04,西部老旧住宅区,daycare,civic,教育公共,False,"[258.5, 402.1]","[41.5, 55.8]","[29.9, 40.2]",90,R09,西,1,低层,L051,N028,L形右翼,daycare-功能分区-28,0,2,-0.19,转角窗组,无楼梯,平顶,红砖,橄榄,侧翼扩建,维护良好,封闭阳台,daycare:051:890,"daycare|L形右翼|daycare-功能分区-28|0|2|-0.19|转角窗组|无楼梯|平顶|红砖|橄榄|侧翼扩建|1|[29.9, 40.2]|封闭阳台",planned
P052,Z04,西部老旧住宅区,pharmacy,commercial,医疗,False,"[80.8, 591.4]","[37.8, 40.4]","[27.3, 29.1]",0,R07,南,1,低层,L052,N029,U形,pharmacy-功能分区-29,0,1,0.29,凸窗组合,无楼梯,错层双坡,米色石材,暗黄,侧翼扩建,火灾熏黑,储藏间,pharmacy:052:927,"pharmacy|U形|pharmacy-功能分区-29|0|1|0.29|凸窗组合|无楼梯|错层双坡|米色石材|暗黄|侧翼扩建|1|[27.3, 29.1]|储藏间",planned
P053,Z04,西部老旧住宅区,laundromat,commercial,零售服务,False,"[81.9, 416.3]","[36.3, 32.1]","[26.1, 23.1]",90,R08,东,1,低层,L053,N030,主屋加侧翼,laundromat-功能分区-30,0,1,0.12,前一侧二,无楼梯,平顶,红砖,土褐,侧翼扩建,屋顶轻损,狭长走廊,laundromat:053:964,"laundromat|主屋加侧翼|laundromat-功能分区-30|0|1|0.12|前一侧二|无楼梯|平顶|红砖|土褐|侧翼扩建|1|[26.1, 23.1]|狭长走廊",planned
P054,Z04,西部老旧住宅区,corner_shop,commercial,零售服务,False,"[206.3, 445.1]","[33.9, 45.4]","[24.4, 32.7]",90,R09,东,1,低层,L054,N031,L形右翼,corner_shop-功能分区-31,0,1,-0.05,窄窗组合,无楼梯,错层双坡,米色石材,橄榄,侧翼扩建,杂草侵占,封闭阳台,corner_shop:054:004,"corner_shop|L形右翼|corner_shop-功能分区-31|0|1|-0.05|窄窗组合|无楼梯|错层双坡|米色石材|橄榄|侧翼扩建|1|[24.4, 32.7]|封闭阳台",planned
P055,Z04,西部老旧住宅区,detached_house,residential,居住,False,"[148.6, 409.9]","[26.2, 42.5]","[16.2, 26.3]",0,R07,北,1,低层,L055,H024,T形,L形动线,1,1,-0.22,前二侧一,无楼梯,平顶,红砖,暗黄,侧翼扩建,维护良好,储藏间,detached_house:055:041,"detached_house|T形|L形动线|1|1|-0.22|前二侧一|无楼梯|平顶|红砖|暗黄|侧翼扩建|1|[16.2, 26.3]|储藏间",planned
P056,Z04,西部老旧住宅区,duplex,residential,居住,False,"[190.5, 563.4]","[31.1, 28.2]","[19.3, 17.5]",90,R09,东,2,低层,L056,H025,矩形,环形动线,3,1,0.26,转角窗组,后部直梯,错层双坡,米色石材,土褐,侧翼扩建,火灾熏黑,狭长走廊,duplex:056:078,"duplex|矩形|环形动线|3|1|0.26|转角窗组|后部直梯|错层双坡|米色石材|土褐|侧翼扩建|2|[19.3, 17.5]|狭长走廊",planned
P057,Z04,西部老旧住宅区,detached_house,residential,居住,False,"[63.6, 539.7]","[27.3, 43.5]","[17.0, 27.0]",90,R07,西,1,低层,L057,H026,L形左翼,开放核心,3,2,0.09,凸窗组合,无楼梯,平顶,红砖,橄榄,侧翼扩建,屋顶轻损,封闭阳台,detached_house:057:115,"detached_house|L形左翼|开放核心|3|2|0.09|凸窗组合|无楼梯|平顶|红砖|橄榄|侧翼扩建|1|[17.0, 27.0]|封闭阳台",planned
P058,Z04,西部老旧住宅区,duplex,residential,居住,False,"[159.0, 561.4]","[26.5, 38.7]","[16.5, 24.0]",0,R07,南,1,低层,L058,H027,L形右翼,纵深串联,2,1,-0.08,前一侧二,无楼梯,错层双坡,米色石材,暗黄,侧翼扩建,杂草侵占,储藏间,duplex:058:152,"duplex|L形右翼|纵深串联|2|1|-0.08|前一侧二|无楼梯|错层双坡|米色石材|暗黄|侧翼扩建|1|[16.5, 24.0]|储藏间",planned
P059,Z04,西部老旧住宅区,detached_house,residential,居住,False,"[322.7, 354.3]","[24.9, 33.8]","[15.5, 20.9]",0,R07,西,1,低层,L059,H028,前凸形,中央走廊,1,1,-0.25,窄窗组合,无楼梯,平顶,红砖,土褐,侧翼扩建,维护良好,狭长走廊,detached_house:059:189,"detached_house|前凸形|中央走廊|1|1|-0.25|窄窗组合|无楼梯|平顶|红砖|土褐|侧翼扩建|1|[15.5, 20.9]|狭长走廊",planned
P060,Z04,西部老旧住宅区,detached_house,residential,居住,False,"[276.3, 532.3]","[37.0, 28.9]","[23.0, 17.9]",90,R07,东,2,低层,L060,H029,后凸形,前厅分流,2,1,0.23,前二侧一,门厅直梯,错层双坡,米色石材,橄榄,侧翼扩建,火灾熏黑,封闭阳台,detached_house:060:226,"detached_house|后凸形|前厅分流|2|1|0.23|前二侧一|门厅直梯|错层双坡|米色石材|橄榄|侧翼扩建|2|[23.0, 17.9]|封闭阳台",planned
P061,Z04,西部老旧住宅区,detached_house,residential,居住,False,"[272.2, 459.1]","[26.9, 41.3]","[16.7, 25.6]",90,R07,东,1,低层,L061,H030,主屋加侧翼,双区分隔,3,2,0.06,转角窗组,无楼梯,平顶,红砖,暗黄,侧翼扩建,屋顶轻损,储藏间,detached_house:061:263,"detached_house|主屋加侧翼|双区分隔|3|2|0.06|转角窗组|无楼梯|平顶|红砖|暗黄|侧翼扩建|1|[16.7, 25.6]|储藏间",planned
P062,Z04,西部老旧住宅区,detached_house,residential,居住,False,"[123.1, 540.8]","[33.9, 33.3]","[21.0, 20.6]",90,R08,西,1,低层,L062,H031,错位双矩形,侧走廊,4,1,-0.11,凸窗组合,无楼梯,错层双坡,米色石材,土褐,侧翼扩建,杂草侵占,狭长走廊,detached_house:062:300,"detached_house|错位双矩形|侧走廊|4|1|-0.11|凸窗组合|无楼梯|错层双坡|米色石材|土褐|侧翼扩建|1|[21.0, 20.6]|狭长走廊",planned
P063,Z04,西部老旧住宅区,duplex,residential,居住,False,"[160.2, 474.6]","[30.0, 34.1]","[18.6, 21.1]",0,R02,南,1,低层,L063,H032,T形,L形动线,4,2,-0.28,前一侧二,无楼梯,平顶,红砖,橄榄,侧翼扩建,维护良好,封闭阳台,duplex:063:337,"duplex|T形|L形动线|4|2|-0.28|前一侧二|无楼梯|平顶|红砖|橄榄|侧翼扩建|1|[18.6, 21.1]|封闭阳台",planned
P064,Z04,西部老旧住宅区,detached_house,residential,居住,False,"[310.3, 581.1]","[30.1, 38.0]","[18.6, 23.6]",90,R07,西,2,低层,L064,H033,矩形,环形动线,2,1,0.2,窄窗组合,侧墙折梯,错层双坡,米色石材,暗黄,侧翼扩建,火灾熏黑,储藏间,detached_house:064:374,"detached_house|矩形|环形动线|2|1|0.2|窄窗组合|侧墙折梯|错层双坡|米色石材|暗黄|侧翼扩建|2|[18.6, 23.6]|储藏间",planned
P065,Z04,西部老旧住宅区,detached_house,residential,居住,False,"[67.4, 467.3]","[31.6, 45.4]","[19.6, 28.1]",90,R07,西,1,低层,L065,H034,L形左翼,开放核心,3,2,0.03,前二侧一,无楼梯,平顶,红砖,土褐,侧翼扩建,屋顶轻损,狭长走廊,detached_house:065:411,"detached_house|L形左翼|开放核心|3|2|0.03|前二侧一|无楼梯|平顶|红砖|土褐|侧翼扩建|1|[19.6, 28.1]|狭长走廊",planned
P066,Z04,西部老旧住宅区,detached_house,residential,居住,False,"[273.2, 346.2]","[27.0, 35.3]","[16.7, 21.9]",0,R07,南,1,低层,L066,H035,L形右翼,纵深串联,4,1,-0.14,转角窗组,无楼梯,错层双坡,米色石材,橄榄,侧翼扩建,杂草侵占,封闭阳台,detached_house:066:448,"detached_house|L形右翼|纵深串联|4|1|-0.14|转角窗组|无楼梯|错层双坡|米色石材|橄榄|侧翼扩建|1|[16.7, 21.9]|封闭阳台",planned
P067,Z04,西部老旧住宅区,detached_house,residential,居住,False,"[206.2, 339.3]","[29.8, 41.4]","[18.5, 25.7]",90,R09,东,1,低层,L067,H036,前凸形,中央走廊,1,1,-0.31,凸窗组合,无楼梯,平顶,红砖,暗黄,侧翼扩建,维护良好,储藏间,detached_house:067:485,"detached_house|前凸形|中央走廊|1|1|-0.31|凸窗组合|无楼梯|平顶|红砖|暗黄|侧翼扩建|1|[18.5, 25.7]|储藏间",planned
P068,Z04,西部老旧住宅区,detached_house,residential,居住,False,"[204.9, 404.7]","[29.1, 37.4]","[18.1, 23.2]",90,R09,东,2,低层,L068,H037,后凸形,前厅分流,2,1,0.17,前一侧二,中央折梯,错层双坡,米色石材,土褐,侧翼扩建,火灾熏黑,狭长走廊,detached_house:068:522,"detached_house|后凸形|前厅分流|2|1|0.17|前一侧二|中央折梯|错层双坡|米色石材|土褐|侧翼扩建|2|[18.1, 23.2]|狭长走廊",planned
P069,Z04,西部老旧住宅区,detached_house,residential,居住,False,"[304.8, 617.9]","[30.4, 28.8]","[18.8, 17.9]",90,R07,西,1,低层,L069,H038,主屋加侧翼,双区分隔,3,2,0.0,窄窗组合,无楼梯,平顶,红砖,橄榄,侧翼扩建,屋顶轻损,封闭阳台,detached_house:069:559,"detached_house|主屋加侧翼|双区分隔|3|2|0.0|窄窗组合|无楼梯|平顶|红砖|橄榄|侧翼扩建|1|[18.8, 17.9]|封闭阳台",planned
P070,Z04,西部老旧住宅区,detached_house,residential,居住,False,"[196.4, 523.4]","[33.8, 40.8]","[20.9, 25.3]",0,R02,北,1,低层,L070,H039,错位双矩形,侧走廊,4,1,-0.17,前二侧一,无楼梯,错层双坡,米色石材,暗黄,侧翼扩建,杂草侵占,储藏间,detached_house:070:596,"detached_house|错位双矩形|侧走廊|4|1|-0.17|前二侧一|无楼梯|错层双坡|米色石材|暗黄|侧翼扩建|1|[20.9, 25.3]|储藏间",planned
P071,Z04,西部老旧住宅区,apartment_lowrise,residential,居住,False,"[66.4, 344.2]","[34.3, 36.8]","[21.3, 22.8]",0,R07,南,3,中层,L071,H040,T形,L形动线,3,2,0.31,转角窗组,后部直梯,平顶,红砖,土褐,侧翼扩建,维护良好,狭长走廊,apartment_lowrise:071:633,"apartment_lowrise|T形|L形动线|3|2|0.31|转角窗组|后部直梯|平顶|红砖|土褐|侧翼扩建|3|[21.3, 22.8]|狭长走廊",planned
P072,Z04,西部老旧住宅区,detached_house,residential,居住,False,"[258.9, 592.2]","[28.1, 42.8]","[17.4, 26.5]",0,R07,南,2,低层,L072,H041,矩形,环形动线,2,1,0.14,凸窗组合,客厅转角梯,错层双坡,米色石材,橄榄,侧翼扩建,火灾熏黑,封闭阳台,detached_house:072:670,"detached_house|矩形|环形动线|2|1|0.14|凸窗组合|客厅转角梯|错层双坡|米色石材|橄榄|侧翼扩建|2|[17.4, 26.5]|封闭阳台",planned
P073,Z04,西部老旧住宅区,detached_house,residential,居住,False,"[161.6, 342.7]","[24.4, 36.9]","[15.1, 22.9]",0,R07,南,1,低层,L073,H042,L形左翼,开放核心,3,2,-0.03,前一侧二,无楼梯,平顶,红砖,暗黄,侧翼扩建,屋顶轻损,储藏间,detached_house:073:707,"detached_house|L形左翼|开放核心|3|2|-0.03|前一侧二|无楼梯|平顶|红砖|暗黄|侧翼扩建|1|[15.1, 22.9]|储藏间",planned
P074,Z04,西部老旧住宅区,duplex,residential,居住,False,"[22.6, 610.6]","[30.0, 29.9]","[18.6, 18.6]",90,R07,东,1,低层,L074,H043,L形右翼,纵深串联,3,1,-0.2,窄窗组合,无楼梯,错层双坡,米色石材,土褐,侧翼扩建,杂草侵占,狭长走廊,duplex:074:744,"duplex|L形右翼|纵深串联|3|1|-0.2|窄窗组合|无楼梯|错层双坡|米色石材|土褐|侧翼扩建|1|[18.6, 18.6]|狭长走廊",planned
P075,Z04,西部老旧住宅区,detached_house,residential,居住,False,"[136.6, 630.8]","[27.2, 30.1]","[16.9, 18.7]",0,R07,北,1,低层,L075,H044,前凸形,中央走廊,1,1,0.28,前二侧一,无楼梯,平顶,红砖,橄榄,侧翼扩建,维护良好,封闭阳台,detached_house:075:781,"detached_house|前凸形|中央走廊|1|1|0.28|前二侧一|无楼梯|平顶|红砖|橄榄|侧翼扩建|1|[16.9, 18.7]|封闭阳台",planned
P076,Z04,西部老旧住宅区,detached_house,residential,居住,False,"[120.2, 341.9]","[34.9, 36.1]","[21.7, 22.4]",90,R08,西,2,低层,L076,H045,后凸形,前厅分流,2,1,0.11,转角窗组,后部直梯,错层双坡,米色石材,暗黄,侧翼扩建,火灾熏黑,储藏间,detached_house:076:818,"detached_house|后凸形|前厅分流|2|1|0.11|转角窗组|后部直梯|错层双坡|米色石材|暗黄|侧翼扩建|2|[21.7, 22.4]|储藏间",planned
P077,Z04,西部老旧住宅区,apartment_lowrise,residential,居住,False,"[317.9, 535.4]","[31.0, 33.5]","[19.2, 20.8]",90,R07,西,3,中层,L077,H046,主屋加侧翼,双区分隔,3,2,-0.06,凸窗组合,客厅转角梯,平顶,红砖,土褐,侧翼扩建,屋顶轻损,狭长走廊,apartment_lowrise:077:855,"apartment_lowrise|主屋加侧翼|双区分隔|3|2|-0.06|凸窗组合|客厅转角梯|平顶|红砖|土褐|侧翼扩建|3|[19.2, 20.8]|狭长走廊",planned
P078,Z04,西部老旧住宅区,detached_house,residential,居住,False,"[119.4, 472.9]","[32.2, 28.9]","[19.9, 17.9]",90,R08,西,1,低层,L078,H047,错位双矩形,侧走廊,4,1,-0.23,前一侧二,无楼梯,错层双坡,米色石材,橄榄,侧翼扩建,杂草侵占,封闭阳台,detached_house:078:892,"detached_house|错位双矩形|侧走廊|4|1|-0.23|前一侧二|无楼梯|错层双坡|米色石材|橄榄|侧翼扩建|1|[19.9, 17.9]|封闭阳台",planned
P079,Z05,中央商业中心,shopping_mall,commercial,零售服务,True,"[470.9, 548.7]","[60.7, 59.6]","[48.6, 47.7]",90,R03,东,2,低层,L079,N032,主屋加侧翼,shopping_mall-功能分区-32,0,2,-0.23,凸窗组合,门厅直梯,双坡,米色石材,土褐,角门廊,屋顶轻损,狭长走廊,shopping_mall:079:929,"shopping_mall|主屋加侧翼|shopping_mall-功能分区-32|0|2|-0.23|凸窗组合|门厅直梯|双坡|米色石材|土褐|角门廊|2|[48.6, 47.7]|狭长走廊",planned
P080,Z05,中央商业中心,supermarket,commercial,食品补给,True,"[579.8, 435.2]","[56.5, 54.7]","[45.2, 43.7]",90,R13,东,1,低层,L080,N033,L形右翼,supermarket-功能分区-33,0,2,0.25,前一侧二,无楼梯,带前廊双坡,红砖,橄榄,角门廊,杂草侵占,封闭阳台,supermarket:080:966,"supermarket|L形右翼|supermarket-功能分区-33|0|2|0.25|前一侧二|无楼梯|带前廊双坡|红砖|橄榄|角门廊|1|[45.2, 43.7]|封闭阳台",planned
P081,Z05,中央商业中心,parking_garage,commercial,交通车辆,True,"[652.2, 548.2]","[53.6, 50.5]","[44.0, 41.4]",90,R13,西,4,中层,L081,N034,U形,parking_garage-功能分区-34,0,2,0.08,窄窗组合,客厅转角梯,双坡,米色石材,暗黄,角门廊,维护良好,储藏间,parking_garage:081:006,"parking_garage|U形|parking_garage-功能分区-34|0|2|0.08|窄窗组合|客厅转角梯|双坡|米色石材|暗黄|角门廊|4|[44.0, 41.4]|储藏间",planned
P082,Z05,中央商业中心,department_store,commercial,零售服务,False,"[431.6, 479.0]","[50.6, 48.1]","[40.5, 38.5]",0,R02,南,2,低层,L082,N035,主屋加侧翼,department_store-功能分区-35,0,2,-0.09,前二侧一,中央折梯,带前廊双坡,红砖,土褐,角门廊,火灾熏黑,狭长走廊,department_store:082:043,"department_store|主屋加侧翼|department_store-功能分区-35|0|2|-0.09|前二侧一|中央折梯|带前廊双坡|红砖|土褐|角门廊|2|[40.5, 38.5]|狭长走廊",planned
P083,Z05,中央商业中心,hotel_highrise,commercial,工业办公,True,"[367.7, 581.8]","[42.0, 46.7]","[31.9, 35.5]",0,R11,南,8,高层,L083,N036,L形右翼,hotel_highrise-功能分区-36,0,2,-0.26,转角窗组,侧墙折梯,双坡,米色石材,橄榄,角门廊,屋顶轻损,封闭阳台,hotel_highrise:083:080,"hotel_highrise|L形右翼|hotel_highrise-功能分区-36|0|2|-0.26|转角窗组|侧墙折梯|双坡|米色石材|橄榄|角门廊|8|[31.9, 35.5]|封闭阳台",planned
P084,Z05,中央商业中心,apartment_tower,residential,居住,True,"[439.5, 415.0]","[44.5, 42.6]","[32.9, 31.5]",0,R10,北,7,高层,L084,H048,T形,纵深串联,2,1,0.22,凸窗组合,门厅直梯,带前廊双坡,红砖,暗黄,角门廊,杂草侵占,储藏间,apartment_tower:084:117,"apartment_tower|T形|纵深串联|2|1|0.22|凸窗组合|门厅直梯|带前廊双坡|红砖|暗黄|角门廊|7|[32.9, 31.5]|储藏间",planned
P085,Z05,中央商业中心,apartment_tower,residential,居住,True,"[579.2, 567.0]","[34.9, 45.2]","[25.8, 33.4]",90,R13,东,9,高层,L085,H049,矩形,中央走廊,3,1,0.05,前一侧二,后部直梯,双坡,米色石材,土褐,角门廊,维护良好,狭长走廊,apartment_tower:085:154,"apartment_tower|矩形|中央走廊|3|1|0.05|前一侧二|后部直梯|双坡|米色石材|土褐|角门廊|9|[25.8, 33.4]|狭长走廊",planned
P086,Z05,中央商业中心,office_tower,commercial,工业办公,True,"[566.0, 358.2]","[39.7, 46.6]","[30.2, 35.4]",0,R10,南,12,高层,L086,N037,L形左翼,office_tower-功能分区-37,0,1,-0.12,窄窗组合,客厅转角梯,带前廊双坡,红砖,橄榄,角门廊,火灾熏黑,封闭阳台,office_tower:086:191,"office_tower|L形左翼|office_tower-功能分区-37|0|1|-0.12|窄窗组合|客厅转角梯|带前廊双坡|红砖|橄榄|角门廊|12|[30.2, 35.4]|封闭阳台",planned
P087,Z05,中央商业中心,office_tower,commercial,工业办公,True,"[672.7, 446.2]","[38.8, 45.8]","[29.5, 34.8]",0,R02,南,8,高层,L087,N038,T形,office_tower-功能分区-38,0,1,-0.29,前二侧一,中央折梯,双坡,米色石材,暗黄,角门廊,屋顶轻损,储藏间,office_tower:087:228,"office_tower|T形|office_tower-功能分区-38|0|1|-0.29|前二侧一|中央折梯|双坡|米色石材|暗黄|角门廊|8|[29.5, 34.8]|储藏间",planned
P088,Z05,中央商业中心,office_tower,commercial,工业办公,True,"[667.1, 360.3]","[41.9, 42.7]","[31.8, 32.4]",0,R10,南,10,高层,L088,N039,后凸形,office_tower-功能分区-39,0,1,0.19,转角窗组,侧墙折梯,带前廊双坡,红砖,土褐,角门廊,杂草侵占,狭长走廊,office_tower:088:265,"office_tower|后凸形|office_tower-功能分区-39|0|1|0.19|转角窗组|侧墙折梯|带前廊双坡|红砖|土褐|角门廊|10|[31.8, 32.4]|狭长走廊",planned
P089,Z05,中央商业中心,cafe,commercial,食品补给,False,"[636.6, 636.6]","[37.3, 30.3]","[26.8, 21.8]",90,R13,西,1,低层,L089,N040,L形左翼,cafe-功能分区-40,0,1,0.02,凸窗组合,无楼梯,双坡,米色石材,橄榄,角门廊,维护良好,封闭阳台,cafe:089:302,"cafe|L形左翼|cafe-功能分区-40|0|1|0.02|凸窗组合|无楼梯|双坡|米色石材|橄榄|角门廊|1|[26.8, 21.8]|封闭阳台",planned
P090,Z05,中央商业中心,mixed_use,commercial,工业办公,False,"[363.7, 351.2]","[33.0, 31.4]","[23.8, 22.6]",0,R10,南,3,中层,L090,N041,T形,mixed_use-功能分区-41,0,1,-0.15,前一侧二,后部直梯,带前廊双坡,红砖,暗黄,角门廊,火灾熏黑,储藏间,mixed_use:090:339,"mixed_use|T形|mixed_use-功能分区-41|0|1|-0.15|前一侧二|后部直梯|带前廊双坡|红砖|暗黄|角门廊|3|[23.8, 22.6]|储藏间",planned
P091,Z05,中央商业中心,clothing_store,commercial,零售服务,False,"[575.4, 624.0]","[28.9, 40.7]","[20.8, 29.3]",0,R11,北,1,低层,L091,N042,后凸形,clothing_store-功能分区-42,0,1,-0.32,窄窗组合,无楼梯,双坡,米色石材,土褐,角门廊,屋顶轻损,狭长走廊,clothing_store:091:376,"clothing_store|后凸形|clothing_store-功能分区-42|0|1|-0.32|窄窗组合|无楼梯|双坡|米色石材|土褐|角门廊|1|[20.8, 29.3]|狭长走廊",planned
P092,Z05,中央商业中心,restaurant,commercial,食品补给,False,"[373.7, 481.9]","[45.3, 36.9]","[32.6, 26.6]",0,R02,南,1,低层,L092,N043,L形左翼,restaurant-功能分区-43,0,1,0.16,前二侧一,无楼梯,带前廊双坡,红砖,橄榄,角门廊,杂草侵占,封闭阳台,restaurant:092:413,"restaurant|L形左翼|restaurant-功能分区-43|0|1|0.16|前二侧一|无楼梯|带前廊双坡|红砖|橄榄|角门廊|1|[32.6, 26.6]|封闭阳台",planned
P093,Z05,中央商业中心,bus_station,commercial,交通车辆,True,"[482.6, 633.1]","[31.6, 42.9]","[22.7, 30.9]",90,R03,东,1,低层,L093,N044,T形,bus_station-功能分区-44,0,1,-0.01,转角窗组,无楼梯,双坡,米色石材,暗黄,角门廊,维护良好,储藏间,bus_station:093:450,"bus_station|T形|bus_station-功能分区-44|0|1|-0.01|转角窗组|无楼梯|双坡|米色石材|暗黄|角门廊|1|[22.7, 30.9]|储藏间",planned
P094,Z05,中央商业中心,bank,commercial,零售服务,False,"[366.5, 410.6]","[38.0, 43.9]","[27.4, 31.6]",0,R10,北,1,低层,L094,N045,后凸形,bank-功能分区-45,0,1,-0.18,凸窗组合,无楼梯,带前廊双坡,红砖,土褐,角门廊,火灾熏黑,狭长走廊,bank:094:487,"bank|后凸形|bank-功能分区-45|0|1|-0.18|凸窗组合|无楼梯|带前廊双坡|红砖|土褐|角门廊|1|[27.4, 31.6]|狭长走廊",planned
P095,Z05,中央商业中心,cafe,commercial,食品补给,False,"[430.3, 625.0]","[46.4, 33.4]","[33.4, 24.0]",0,R11,北,1,低层,L095,N046,L形左翼,cafe-功能分区-46,0,1,0.3,前一侧二,无楼梯,双坡,米色石材,橄榄,角门廊,屋顶轻损,封闭阳台,cafe:095:524,"cafe|L形左翼|cafe-功能分区-46|0|1|0.3|前一侧二|无楼梯|双坡|米色石材|橄榄|角门廊|1|[33.4, 24.0]|封闭阳台",planned
P096,Z05,中央商业中心,restaurant,commercial,食品补给,False,"[457.5, 352.3]","[30.2, 31.1]","[21.7, 22.4]",0,R10,南,1,低层,L096,N047,T形,restaurant-功能分区-47,0,1,0.13,窄窗组合,无楼梯,带前廊双坡,红砖,暗黄,角门廊,杂草侵占,储藏间,restaurant:096:561,"restaurant|T形|restaurant-功能分区-47|0|1|0.13|窄窗组合|无楼梯|带前廊双坡|红砖|暗黄|角门廊|1|[21.7, 22.4]|储藏间",planned
P097,Z05,中央商业中心,bank,commercial,零售服务,False,"[535.3, 630.1]","[28.4, 49.0]","[20.4, 35.3]",0,R11,北,1,低层,L097,N048,后凸形,bank-功能分区-48,0,1,-0.04,前二侧一,无楼梯,双坡,米色石材,土褐,角门廊,维护良好,狭长走廊,bank:097:598,"bank|后凸形|bank-功能分区-48|0|1|-0.04|前二侧一|无楼梯|双坡|米色石材|土褐|角门廊|1|[20.4, 35.3]|狭长走廊",planned
P098,Z05,中央商业中心,restaurant,commercial,食品补给,False,"[480.9, 465.2]","[40.1, 37.2]","[28.9, 26.8]",90,R03,东,1,低层,L098,N049,L形左翼,restaurant-功能分区-49,0,1,-0.21,转角窗组,无楼梯,带前廊双坡,红砖,橄榄,角门廊,火灾熏黑,封闭阳台,restaurant:098:635,"restaurant|L形左翼|restaurant-功能分区-49|0|1|-0.21|转角窗组|无楼梯|带前廊双坡|红砖|橄榄|角门廊|1|[28.9, 26.8]|封闭阳台",planned
P099,Z05,中央商业中心,office_midrise,commercial,工业办公,False,"[590.0, 523.7]","[42.1, 32.8]","[30.3, 23.6]",90,R13,东,3,中层,L099,N050,T形,office_midrise-功能分区-50,0,1,0.27,凸窗组合,门厅直梯,双坡,米色石材,暗黄,角门廊,屋顶轻损,储藏间,office_midrise:099:672,"office_midrise|T形|office_midrise-功能分区-50|0|1|0.27|凸窗组合|门厅直梯|双坡|米色石材|暗黄|角门廊|3|[30.3, 23.6]|储藏间",planned
P100,Z05,中央商业中心,mixed_use,commercial,工业办公,False,"[366.0, 529.5]","[42.9, 30.8]","[30.9, 22.2]",0,R02,北,4,中层,L100,N051,后凸形,mixed_use-功能分区-51,0,1,0.1,前一侧二,后部直梯,带前廊双坡,红砖,土褐,角门廊,杂草侵占,狭长走廊,mixed_use:100:709,"mixed_use|后凸形|mixed_use-功能分区-51|0|1|0.1|前一侧二|后部直梯|带前廊双坡|红砖|土褐|角门廊|4|[30.9, 22.2]|狭长走廊",planned
P101,Z05,中央商业中心,hardware_store,commercial,零售服务,False,"[628.6, 465.6]","[47.9, 30.1]","[34.5, 21.7]",90,R13,西,1,低层,L101,N052,L形左翼,hardware_store-功能分区-52,0,1,-0.07,窄窗组合,无楼梯,双坡,米色石材,橄榄,角门廊,维护良好,封闭阳台,hardware_store:101:746,"hardware_store|L形左翼|hardware_store-功能分区-52|0|1|-0.07|窄窗组合|无楼梯|双坡|米色石材|橄榄|角门廊|1|[34.5, 21.7]|封闭阳台",planned
P102,Z05,中央商业中心,bar,commercial,食品补给,False,"[420.8, 558.0]","[30.5, 31.6]","[22.0, 22.8]",90,R12,西,1,低层,L102,N053,T形,bar-功能分区-53,0,1,-0.24,前二侧一,无楼梯,带前廊双坡,红砖,暗黄,角门廊,火灾熏黑,储藏间,bar:102:783,"bar|T形|bar-功能分区-53|0|1|-0.24|前二侧一|无楼梯|带前廊双坡|红砖|暗黄|角门廊|1|[22.0, 22.8]|储藏间",planned
P103,Z05,中央商业中心,gym,commercial,休闲文化,False,"[536.2, 557.3]","[38.8, 31.4]","[28.0, 22.6]",90,R03,西,1,低层,L103,N054,后凸形,gym-功能分区-54,0,1,0.24,转角窗组,无楼梯,双坡,米色石材,土褐,角门廊,屋顶轻损,狭长走廊,gym:103:820,"gym|后凸形|gym-功能分区-54|0|1|0.24|转角窗组|无楼梯|双坡|米色石材|土褐|角门廊|1|[28.0, 22.6]|狭长走廊",planned
P104,Z05,中央商业中心,electronics_store,commercial,零售服务,False,"[375.2, 631.1]","[42.0, 33.6]","[30.2, 24.2]",90,R12,东,1,低层,L104,N055,L形左翼,electronics_store-功能分区-55,0,1,0.07,凸窗组合,无楼梯,带前廊双坡,红砖,橄榄,角门廊,杂草侵占,封闭阳台,electronics_store:104:857,"electronics_store|L形左翼|electronics_store-功能分区-55|0|1|0.07|凸窗组合|无楼梯|带前廊双坡|红砖|橄榄|角门廊|1|[30.2, 24.2]|封闭阳台",planned
P105,Z05,中央商业中心,bar,commercial,食品补给,False,"[480.7, 405.8]","[28.4, 32.7]","[20.5, 23.6]",0,R10,北,1,低层,L105,N056,T形,bar-功能分区-56,0,1,-0.1,前一侧二,无楼梯,双坡,米色石材,暗黄,角门廊,维护良好,储藏间,bar:105:894,"bar|T形|bar-功能分区-56|0|1|-0.1|前一侧二|无楼梯|双坡|米色石材|暗黄|角门廊|1|[20.5, 23.6]|储藏间",planned
P106,Z05,中央商业中心,cinema,commercial,休闲文化,False,"[671.8, 635.2]","[31.5, 34.2]","[22.7, 24.6]",0,R11,北,1,低层,L106,N057,后凸形,cinema-功能分区-57,0,1,-0.27,窄窗组合,无楼梯,带前廊双坡,红砖,土褐,角门廊,火灾熏黑,狭长走廊,cinema:106:931,"cinema|后凸形|cinema-功能分区-57|0|1|-0.27|窄窗组合|无楼梯|带前廊双坡|红砖|土褐|角门廊|1|[22.7, 24.6]|狭长走廊",planned
P107,Z05,中央商业中心,pharmacy,commercial,医疗,False,"[630.0, 412.9]","[32.1, 30.1]","[23.1, 21.7]",90,R13,西,1,低层,L107,N058,L形左翼,pharmacy-功能分区-58,0,1,0.21,前二侧一,无楼梯,双坡,米色石材,橄榄,角门廊,屋顶轻损,封闭阳台,pharmacy:107:968,"pharmacy|L形左翼|pharmacy-功能分区-58|0|1|0.21|前二侧一|无楼梯|双坡|米色石材|橄榄|角门廊|1|[23.1, 21.7]|封闭阳台",planned
P108,Z05,中央商业中心,office_midrise,commercial,工业办公,False,"[418.7, 357.0]","[33.5, 30.4]","[24.2, 21.9]",90,R12,西,3,中层,L108,N059,T形,office_midrise-功能分区-59,0,1,0.04,转角窗组,侧墙折梯,带前廊双坡,红砖,暗黄,角门廊,杂草侵占,储藏间,office_midrise:108:008,"office_midrise|T形|office_midrise-功能分区-59|0|1|0.04|转角窗组|侧墙折梯|带前廊双坡|红砖|暗黄|角门廊|3|[24.2, 21.9]|储藏间",planned
P109,Z06,东部学校与市政区,hospital,civic,医疗,True,"[912.3, 549.7]","[74.0, 59.9]","[57.7, 46.7]",0,R02,北,4,中层,L109,N060,后凸形,hospital-功能分区-60,0,2,-0.18,凸窗组合,门厅直梯,带前廊双坡,蓝灰木板,浅青,前廊,杂草侵占,车库内门,hospital:109:045,"hospital|后凸形|hospital-功能分区-60|0|2|-0.18|凸窗组合|门厅直梯|带前廊双坡|蓝灰木板|浅青|前廊|4|[57.7, 46.7]|车库内门",planned
P110,Z06,东部学校与市政区,high_school,civic,教育公共,True,"[808.5, 420.0]","[56.3, 60.4]","[42.3, 45.3]",0,R14,北,2,低层,L110,N061,L形左翼,high_school-功能分区-61,0,2,0.3,前一侧二,后部直梯,双坡,浅黄灰泥,砖红,前廊,维护良好,前置客厅,high_school:110:082,"high_school|L形左翼|high_school-功能分区-61|0|2|0.3|前一侧二|后部直梯|双坡|浅黄灰泥|砖红|前廊|2|[42.3, 45.3]|前置客厅",planned
P111,Z06,东部学校与市政区,sports_center,civic,休闲文化,True,"[925.3, 462.9]","[61.0, 60.6]","[46.3, 46.0]",0,R02,南,2,低层,L111,N062,T形,sports_center-功能分区-62,0,2,0.13,窄窗组合,客厅转角梯,带前廊双坡,蓝灰木板,松绿,前廊,火灾熏黑,独立餐厅,sports_center:111:119,"sports_center|T形|sports_center-功能分区-62|0|2|0.13|窄窗组合|客厅转角梯|带前廊双坡|蓝灰木板|松绿|前廊|2|[46.3, 46.0]|独立餐厅",planned
P112,Z06,东部学校与市政区,public_pool,civic,休闲文化,False,"[990.9, 369.9]","[39.3, 54.5]","[28.3, 39.3]",0,R14,南,1,低层,L112,N063,后凸形,public_pool-功能分区-63,0,2,-0.04,前二侧一,无楼梯,双坡,浅黄灰泥,浅青,前廊,屋顶轻损,车库内门,public_pool:112:156,"public_pool|后凸形|public_pool-功能分区-63|0|2|-0.04|前二侧一|无楼梯|双坡|浅黄灰泥|浅青|前廊|1|[28.3, 39.3]|车库内门",planned
P113,Z06,东部学校与市政区,nursing_home,civic,医疗,False,"[842.0, 574.3]","[39.7, 62.6]","[28.6, 45.1]",0,R14,南,1,低层,L113,N064,L形左翼,nursing_home-功能分区-64,0,2,-0.21,转角窗组,无楼梯,带前廊双坡,蓝灰木板,砖红,前廊,杂草侵占,前置客厅,nursing_home:113:193,"nursing_home|L形左翼|nursing_home-功能分区-64|0|2|-0.21|转角窗组|无楼梯|带前廊双坡|蓝灰木板|砖红|前廊|1|[28.6, 45.1]|前置客厅",planned
P114,Z06,东部学校与市政区,police,civic,治安消防,True,"[821.7, 482.7]","[40.9, 51.5]","[29.4, 37.1]",0,R02,南,1,低层,L114,N065,T形,police-功能分区-65,0,1,0.27,凸窗组合,无楼梯,双坡,浅黄灰泥,松绿,前廊,维护良好,独立餐厅,police:114:230,"police|T形|police-功能分区-65|0|1|0.27|凸窗组合|无楼梯|双坡|浅黄灰泥|松绿|前廊|1|[29.4, 37.1]|独立餐厅",planned
P115,Z06,东部学校与市政区,medical_clinic,civic,医疗,False,"[745.9, 551.0]","[57.7, 61.1]","[41.5, 44.0]",90,R15,东,1,低层,L115,N066,后凸形,medical_clinic-功能分区-66,0,2,0.1,前一侧二,无楼梯,带前廊双坡,蓝灰木板,浅青,前廊,火灾熏黑,车库内门,medical_clinic:115:267,"medical_clinic|后凸形|medical_clinic-功能分区-66|0|2|0.1|前一侧二|无楼梯|带前廊双坡|蓝灰木板|浅青|前廊|1|[41.5, 44.0]|车库内门",planned
P116,Z06,东部学校与市政区,courthouse,civic,教育公共,True,"[982.3, 622.2]","[57.6, 57.9]","[41.5, 41.7]",0,R14,北,3,中层,L116,N067,L形左翼,courthouse-功能分区-67,0,2,-0.07,窄窗组合,客厅转角梯,双坡,浅黄灰泥,砖红,前廊,屋顶轻损,前置客厅,courthouse:116:304,"courthouse|L形左翼|courthouse-功能分区-67|0|2|-0.07|窄窗组合|客厅转角梯|双坡|浅黄灰泥|砖红|前廊|3|[41.5, 41.7]|前置客厅",planned
P117,Z06,东部学校与市政区,library,civic,教育公共,False,"[932.8, 361.9]","[49.6, 50.2]","[35.7, 36.2]",0,R14,南,1,低层,L117,N068,T形,library-功能分区-68,0,2,-0.24,前二侧一,无楼梯,带前廊双坡,蓝灰木板,松绿,前廊,杂草侵占,独立餐厅,library:117:341,"library|T形|library-功能分区-68|0|2|-0.24|前二侧一|无楼梯|带前廊双坡|蓝灰木板|松绿|前廊|1|[35.7, 36.2]|独立餐厅",planned
P118,Z06,东部学校与市政区,town_hall,civic,教育公共,True,"[727.5, 418.2]","[43.7, 45.8]","[31.5, 33.0]",0,R14,北,3,中层,L118,N069,后凸形,town_hall-功能分区-69,0,1,0.24,转角窗组,侧墙折梯,双坡,浅黄灰泥,浅青,前廊,维护良好,车库内门,town_hall:118:378,"town_hall|后凸形|town_hall-功能分区-69|0|1|0.24|转角窗组|侧墙折梯|双坡|浅黄灰泥|浅青|前廊|3|[31.5, 33.0]|车库内门",planned
P119,Z06,东部学校与市政区,church,civic,教育公共,False,"[899.6, 622.4]","[48.1, 53.8]","[34.7, 38.7]",0,R14,北,1,低层,L119,N070,L形左翼,church-功能分区-70,0,2,0.07,凸窗组合,无楼梯,带前廊双坡,蓝灰木板,砖红,前廊,火灾熏黑,前置客厅,church:119:415,"church|L形左翼|church-功能分区-70|0|2|0.07|凸窗组合|无楼梯|带前廊双坡|蓝灰木板|砖红|前廊|1|[34.7, 38.7]|前置客厅",planned
P120,Z06,东部学校与市政区,daycare,civic,教育公共,False,"[738.2, 471.7]","[49.5, 50.3]","[35.7, 36.2]",0,R02,南,1,低层,L120,N071,T形,daycare-功能分区-71,0,2,-0.1,前一侧二,无楼梯,双坡,浅黄灰泥,松绿,前廊,屋顶轻损,独立餐厅,daycare:120:452,"daycare|T形|daycare-功能分区-71|0|2|-0.1|前一侧二|无楼梯|双坡|浅黄灰泥|松绿|前廊|1|[35.7, 36.2]|独立餐厅",planned
P121,Z06,东部学校与市政区,community_center,civic,教育公共,False,"[868.0, 485.4]","[42.9, 57.3]","[30.9, 41.3]",0,R02,南,1,低层,L121,N072,后凸形,community_center-功能分区-72,0,2,-0.27,窄窗组合,无楼梯,带前廊双坡,蓝灰木板,浅青,前廊,杂草侵占,车库内门,community_center:121:489,"community_center|后凸形|community_center-功能分区-72|0|2|-0.27|窄窗组合|无楼梯|带前廊双坡|蓝灰木板|浅青|前廊|1|[30.9, 41.3]|车库内门",planned
P122,Z06,东部学校与市政区,fire_station,civic,治安消防,True,"[742.1, 363.0]","[58.2, 40.3]","[41.9, 29.0]",0,R14,南,1,低层,L122,N073,L形左翼,fire_station-功能分区-73,0,2,0.21,前二侧一,无楼梯,双坡,浅黄灰泥,砖红,前廊,维护良好,前置客厅,fire_station:122:526,"fire_station|L形左翼|fire_station-功能分区-73|0|2|0.21|前二侧一|无楼梯|双坡|浅黄灰泥|砖红|前廊|1|[41.9, 29.0]|前置客厅",planned
P123,Z06,东部学校与市政区,elementary_school,civic,教育公共,True,"[864.3, 364.2]","[43.0, 45.1]","[30.9, 32.5]",0,R14,南,2,低层,L123,N074,T形,elementary_school-功能分区-74,0,1,0.04,转角窗组,侧墙折梯,带前廊双坡,蓝灰木板,松绿,前廊,火灾熏黑,独立餐厅,elementary_school:123:563,"elementary_school|T形|elementary_school-功能分区-74|0|1|0.04|转角窗组|侧墙折梯|带前廊双坡|蓝灰木板|松绿|前廊|2|[30.9, 32.5]|独立餐厅",planned
P124,Z06,东部学校与市政区,detached_house,residential,居住,False,"[823.8, 630.1]","[31.5, 35.6]","[19.5, 22.1]",0,R14,北,2,低层,L124,H050,L形左翼,L形动线,3,2,-0.13,凸窗组合,门厅直梯,双坡,浅黄灰泥,浅青,前廊,屋顶轻损,车库内门,detached_house:124:600,"detached_house|L形左翼|L形动线|3|2|-0.13|凸窗组合|门厅直梯|双坡|浅黄灰泥|浅青|前廊|2|[19.5, 22.1]|车库内门",planned
P125,Z06,东部学校与市政区,detached_house,residential,居住,False,"[864.2, 416.4]","[36.1, 45.9]","[22.4, 28.4]",0,R14,北,1,低层,L125,H051,L形右翼,环形动线,4,1,-0.3,前一侧二,无楼梯,带前廊双坡,蓝灰木板,砖红,前廊,杂草侵占,前置客厅,detached_house:125:637,"detached_house|L形右翼|环形动线|4|1|-0.3|前一侧二|无楼梯|带前廊双坡|蓝灰木板|砖红|前廊|1|[22.4, 28.4]|前置客厅",planned
P126,Z06,东部学校与市政区,detached_house,residential,居住,False,"[802.0, 354.8]","[30.9, 38.6]","[19.2, 23.9]",90,R15,西,1,低层,L126,H052,前凸形,开放核心,1,1,0.18,窄窗组合,无楼梯,双坡,浅黄灰泥,松绿,前廊,维护良好,独立餐厅,detached_house:126:674,"detached_house|前凸形|开放核心|1|1|0.18|窄窗组合|无楼梯|双坡|浅黄灰泥|松绿|前廊|1|[19.2, 23.9]|独立餐厅",planned
P127,Z07,西南工业与铁路区,water_treatment,industrial,基础设施,True,"[197.5, 909.8]","[60.0, 58.1]","[45.6, 44.2]",0,R17,北,1,低层,L127,N075,T形,water_treatment-功能分区-75,0,2,-0.02,前一侧二,无楼梯,双坡,米色石材,土褐,角门廊,屋顶轻损,狭长走廊,water_treatment:127:711,"water_treatment|T形|water_treatment-功能分区-75|0|2|-0.02|前一侧二|无楼梯|双坡|米色石材|土褐|角门廊|1|[45.6, 44.2]|狭长走廊",planned
P128,Z07,西南工业与铁路区,logistics_depot,industrial,工业物流,True,"[157.6, 777.6]","[51.4, 52.8]","[41.1, 42.2]",0,R17,南,1,低层,L128,N076,后凸形,logistics_depot-功能分区-76,0,2,-0.19,窄窗组合,无楼梯,带前廊双坡,红砖,橄榄,角门廊,杂草侵占,封闭阳台,logistics_depot:128:748,"logistics_depot|后凸形|logistics_depot-功能分区-76|0|2|-0.19|窄窗组合|无楼梯|带前廊双坡|红砖|橄榄|角门廊|1|[41.1, 42.2]|封闭阳台",planned
P129,Z07,西南工业与铁路区,factory,industrial,工业物流,False,"[262.0, 899.9]","[47.1, 42.6]","[37.7, 34.0]",90,R16,东,1,低层,L129,N077,L形左翼,factory-功能分区-77,0,2,0.29,前二侧一,无楼梯,双坡,米色石材,暗黄,角门廊,维护良好,储藏间,factory:129:785,"factory|L形左翼|factory-功能分区-77|0|2|0.29|前二侧一|无楼梯|双坡|米色石材|暗黄|角门廊|1|[37.7, 34.0]|储藏间",planned
P130,Z07,西南工业与铁路区,factory,industrial,工业物流,False,"[73.1, 769.9]","[51.1, 56.6]","[40.8, 45.3]",0,R16,北,1,低层,L130,N078,T形,factory-功能分区-78,0,2,0.12,转角窗组,无楼梯,带前廊双坡,红砖,土褐,角门廊,火灾熏黑,狭长走廊,factory:130:822,"factory|T形|factory-功能分区-78|0|2|0.12|转角窗组|无楼梯|带前廊双坡|红砖|土褐|角门廊|1|[40.8, 45.3]|狭长走廊",planned
P131,Z07,西南工业与铁路区,factory,industrial,工业物流,False,"[280.5, 765.4]","[47.2, 42.8]","[37.8, 34.2]",90,R16,东,1,低层,L131,N079,后凸形,factory-功能分区-79,0,2,-0.05,凸窗组合,无楼梯,双坡,米色石材,橄榄,角门廊,屋顶轻损,封闭阳台,factory:131:859,"factory|后凸形|factory-功能分区-79|0|2|-0.05|凸窗组合|无楼梯|双坡|米色石材|橄榄|角门廊|1|[37.8, 34.2]|封闭阳台",planned
P132,Z07,西南工业与铁路区,scrapyard,industrial,工业物流,False,"[209.4, 763.2]","[40.0, 38.2]","[30.4, 29.1]",0,R16,北,1,低层,L132,N080,L形左翼,scrapyard-功能分区-80,0,1,-0.22,前一侧二,无楼梯,带前廊双坡,红砖,暗黄,角门廊,杂草侵占,储藏间,scrapyard:132:896,"scrapyard|L形左翼|scrapyard-功能分区-80|0|1|-0.22|前一侧二|无楼梯|带前廊双坡|红砖|暗黄|角门廊|1|[30.4, 29.1]|储藏间",planned
P133,Z07,西南工业与铁路区,power_substation,industrial,基础设施,True,"[90.5, 898.1]","[37.9, 41.1]","[28.8, 31.2]",0,R17,北,1,低层,L133,N081,T形,power_substation-功能分区-81,0,1,0.26,窄窗组合,无楼梯,双坡,米色石材,土褐,角门廊,维护良好,狭长走廊,power_substation:133:933,"power_substation|T形|power_substation-功能分区-81|0|1|0.26|窄窗组合|无楼梯|双坡|米色石材|土褐|角门廊|1|[28.8, 31.2]|狭长走廊",planned
P134,Z07,西南工业与铁路区,construction_yard,industrial,工业物流,False,"[26.4, 909.6]","[40.8, 49.4]","[31.0, 37.5]",0,R17,北,1,低层,L134,N082,后凸形,construction_yard-功能分区-82,0,2,0.09,前二侧一,无楼梯,带前廊双坡,红砖,橄榄,角门廊,火灾熏黑,封闭阳台,construction_yard:134:970,"construction_yard|后凸形|construction_yard-功能分区-82|0|2|0.09|前二侧一|无楼梯|带前廊双坡|红砖|橄榄|角门廊|1|[31.0, 37.5]|封闭阳台",planned
P135,Z07,西南工业与铁路区,garage,industrial,其他,False,"[255.6, 995.3]","[44.5, 45.7]","[33.8, 34.8]",90,R16,东,1,低层,L135,N083,L形左翼,garage-功能分区-83,0,2,-0.08,转角窗组,无楼梯,双坡,米色石材,暗黄,角门廊,屋顶轻损,储藏间,garage:135:010,"garage|L形左翼|garage-功能分区-83|0|2|-0.08|转角窗组|无楼梯|双坡|米色石材|暗黄|角门廊|1|[33.8, 34.8]|储藏间",planned
P136,Z07,西南工业与铁路区,industrial_office,industrial,工业物流,False,"[217.0, 682.8]","[35.9, 56.9]","[27.3, 43.2]",0,R16,南,1,低层,L136,N084,T形,industrial_office-功能分区-84,0,2,-0.25,凸窗组合,无楼梯,带前廊双坡,红砖,土褐,角门廊,杂草侵占,狭长走廊,industrial_office:136:047,"industrial_office|T形|industrial_office-功能分区-84|0|2|-0.25|凸窗组合|无楼梯|带前廊双坡|红砖|土褐|角门廊|1|[27.3, 43.2]|狭长走廊",planned
P137,Z07,西南工业与铁路区,warehouse,industrial,工业物流,False,"[246.2, 813.7]","[39.9, 36.6]","[30.3, 27.8]",0,R17,南,1,低层,L137,N085,后凸形,warehouse-功能分区-85,0,1,0.23,前一侧二,无楼梯,双坡,米色石材,橄榄,角门廊,维护良好,封闭阳台,warehouse:137:084,"warehouse|后凸形|warehouse-功能分区-85|0|1|0.23|前一侧二|无楼梯|双坡|米色石材|橄榄|角门廊|1|[30.3, 27.8]|封闭阳台",planned
P138,Z07,西南工业与铁路区,garage,industrial,其他,False,"[262.5, 680.4]","[39.0, 44.8]","[29.6, 34.1]",0,R16,南,1,低层,L138,N086,L形左翼,garage-功能分区-86,0,1,0.06,窄窗组合,无楼梯,带前廊双坡,红砖,暗黄,角门廊,火灾熏黑,储藏间,garage:138:121,"garage|L形左翼|garage-功能分区-86|0|1|0.06|窄窗组合|无楼梯|带前廊双坡|红砖|暗黄|角门廊|1|[29.6, 34.1]|储藏间",planned
P139,Z07,西南工业与铁路区,cold_storage,industrial,工业物流,False,"[22.2, 810.1]","[34.2, 49.4]","[26.0, 37.5]",0,R17,南,1,低层,L139,N087,T形,cold_storage-功能分区-87,0,1,-0.11,前二侧一,无楼梯,双坡,米色石材,土褐,角门廊,屋顶轻损,狭长走廊,cold_storage:139:158,"cold_storage|T形|cold_storage-功能分区-87|0|1|-0.11|前二侧一|无楼梯|双坡|米色石材|土褐|角门廊|1|[26.0, 37.5]|狭长走廊",planned
P140,Z07,西南工业与铁路区,warehouse,industrial,工业物流,False,"[278.1, 948.0]","[34.6, 41.1]","[26.3, 31.2]",90,R16,东,1,低层,L140,N088,后凸形,warehouse-功能分区-88,0,1,-0.28,转角窗组,无楼梯,带前廊双坡,红砖,橄榄,角门廊,杂草侵占,封闭阳台,warehouse:140:195,"warehouse|后凸形|warehouse-功能分区-88|0|1|-0.28|转角窗组|无楼梯|带前廊双坡|红砖|橄榄|角门廊|1|[26.3, 31.2]|封闭阳台",planned
P141,Z07,西南工业与铁路区,warehouse,industrial,工业物流,False,"[32.2, 678.0]","[49.7, 43.4]","[37.7, 33.0]",0,R16,南,1,低层,L141,N089,L形左翼,warehouse-功能分区-89,0,2,0.2,凸窗组合,无楼梯,双坡,米色石材,暗黄,角门廊,维护良好,储藏间,warehouse:141:232,"warehouse|L形左翼|warehouse-功能分区-89|0|2|0.2|凸窗组合|无楼梯|双坡|米色石材|暗黄|角门廊|1|[37.7, 33.0]|储藏间",planned
P142,Z07,西南工业与铁路区,warehouse,industrial,工业物流,False,"[134.8, 903.5]","[39.5, 40.9]","[30.0, 31.1]",0,R17,北,1,低层,L142,N090,T形,warehouse-功能分区-90,0,1,0.03,前一侧二,无楼梯,带前廊双坡,红砖,土褐,角门廊,火灾熏黑,狭长走廊,warehouse:142:269,"warehouse|T形|warehouse-功能分区-90|0|1|0.03|前一侧二|无楼梯|带前廊双坡|红砖|土褐|角门廊|1|[30.0, 31.1]|狭长走廊",planned
P143,Z07,西南工业与铁路区,fuel_depot,industrial,基础设施,False,"[162.4, 675.8]","[36.1, 42.3]","[27.4, 32.1]",0,R16,南,1,低层,L143,N091,后凸形,fuel_depot-功能分区-91,0,1,-0.14,窄窗组合,无楼梯,双坡,米色石材,橄榄,角门廊,屋顶轻损,封闭阳台,fuel_depot:143:306,"fuel_depot|后凸形|fuel_depot-功能分区-91|0|1|-0.14|窄窗组合|无楼梯|双坡|米色石材|橄榄|角门廊|1|[27.4, 32.1]|封闭阳台",planned
P144,Z07,西南工业与铁路区,rail_station,industrial,交通车辆,True,"[108.3, 676.1]","[35.4, 36.4]","[26.9, 27.6]",0,R16,南,1,低层,L144,N092,L形左翼,rail_station-功能分区-92,0,1,-0.31,前二侧一,无楼梯,带前廊双坡,红砖,暗黄,角门廊,杂草侵占,储藏间,rail_station:144:343,"rail_station|L形左翼|rail_station-功能分区-92|0|1|-0.31|前二侧一|无楼梯|带前廊双坡|红砖|暗黄|角门廊|1|[26.9, 27.6]|储藏间",planned
P145,Z08,南部老城区,church,civic,教育公共,False,"[624.9, 941.4]","[59.6, 56.5]","[42.9, 40.7]",90,R18,东,1,低层,L145,N093,T形,church-功能分区-93,0,2,0.14,窄窗组合,无楼梯,带前廊双坡,浅黄灰泥,浅青,前廊,火灾熏黑,车库内门,church:145:380,"church|T形|church-功能分区-93|0|2|0.14|窄窗组合|无楼梯|带前廊双坡|浅黄灰泥|浅青|前廊|1|[42.9, 40.7]|车库内门",planned
P146,Z08,南部老城区,post_office,civic,教育公共,False,"[471.7, 891.0]","[59.4, 62.7]","[42.8, 45.2]",90,R19,西,1,低层,L146,N094,后凸形,post_office-功能分区-94,0,2,-0.03,前二侧一,无楼梯,双坡,蓝灰木板,砖红,前廊,屋顶轻损,前置客厅,post_office:146:417,"post_office|后凸形|post_office-功能分区-94|0|2|-0.03|前二侧一|无楼梯|双坡|蓝灰木板|砖红|前廊|1|[42.8, 45.2]|前置客厅",planned
P147,Z08,南部老城区,pawn_shop,commercial,零售服务,False,"[615.6, 867.8]","[31.8, 39.7]","[22.9, 28.6]",90,R18,东,1,低层,L147,N095,L形左翼,pawn_shop-功能分区-95,0,1,-0.2,转角窗组,无楼梯,带前廊双坡,浅黄灰泥,松绿,前廊,杂草侵占,独立餐厅,pawn_shop:147:454,"pawn_shop|L形左翼|pawn_shop-功能分区-95|0|1|-0.2|转角窗组|无楼梯|带前廊双坡|浅黄灰泥|松绿|前廊|1|[22.9, 28.6]|独立餐厅",planned
P148,Z08,南部老城区,restaurant,commercial,食品补给,False,"[474.2, 790.3]","[36.4, 36.9]","[26.2, 26.6]",90,R03,东,1,低层,L148,N096,T形,restaurant-功能分区-96,0,1,0.28,凸窗组合,无楼梯,双坡,蓝灰木板,浅青,前廊,维护良好,车库内门,restaurant:148:491,"restaurant|T形|restaurant-功能分区-96|0|1|0.28|凸窗组合|无楼梯|双坡|蓝灰木板|浅青|前廊|1|[26.2, 26.6]|车库内门",planned
P149,Z08,南部老城区,funeral_home,commercial,零售服务,False,"[551.2, 913.3]","[37.2, 33.7]","[26.8, 24.3]",90,R20,东,1,低层,L149,N097,后凸形,funeral_home-功能分区-97,0,1,0.11,前一侧二,无楼梯,带前廊双坡,浅黄灰泥,砖红,前廊,火灾熏黑,前置客厅,funeral_home:149:528,"funeral_home|后凸形|funeral_home-功能分区-97|0|1|0.11|前一侧二|无楼梯|带前廊双坡|浅黄灰泥|砖红|前廊|1|[26.8, 24.3]|前置客厅",planned
P150,Z08,南部老城区,bakery,commercial,食品补给,False,"[451.0, 747.1]","[41.9, 32.1]","[30.2, 23.1]",90,R19,西,1,低层,L150,N098,L形左翼,bakery-功能分区-98,0,1,-0.06,窄窗组合,无楼梯,双坡,蓝灰木板,松绿,前廊,屋顶轻损,独立餐厅,bakery:150:565,"bakery|L形左翼|bakery-功能分区-98|0|1|-0.06|窄窗组合|无楼梯|双坡|蓝灰木板|松绿|前廊|1|[30.2, 23.1]|独立餐厅",planned
P151,Z08,南部老城区,small_hotel,commercial,工业办公,False,"[610.1, 754.6]","[42.1, 51.9]","[30.3, 37.4]",90,R20,西,2,低层,L151,N099,T形,small_hotel-功能分区-99,0,2,-0.23,前二侧一,侧墙折梯,带前廊双坡,浅黄灰泥,浅青,前廊,杂草侵占,车库内门,small_hotel:151:602,"small_hotel|T形|small_hotel-功能分区-99|0|2|-0.23|前二侧一|侧墙折梯|带前廊双坡|浅黄灰泥|浅青|前廊|2|[30.3, 37.4]|车库内门",planned
P152,Z08,南部老城区,bar,commercial,食品补给,False,"[610.0, 802.8]","[42.4, 37.2]","[30.5, 26.8]",90,R20,西,1,低层,L152,N100,后凸形,bar-功能分区-100,0,1,0.25,转角窗组,无楼梯,双坡,蓝灰木板,砖红,前廊,维护良好,前置客厅,bar:152:639,"bar|后凸形|bar-功能分区-100|0|1|0.25|转角窗组|无楼梯|双坡|蓝灰木板|砖红|前廊|1|[30.5, 26.8]|前置客厅",planned
P153,Z08,南部老城区,grocery_store,commercial,食品补给,False,"[386.6, 865.8]","[43.7, 51.8]","[31.5, 37.3]",90,R18,西,1,低层,L153,N101,L形左翼,grocery_store-功能分区-101,0,2,0.08,凸窗组合,无楼梯,带前廊双坡,浅黄灰泥,松绿,前廊,火灾熏黑,独立餐厅,grocery_store:153:676,"grocery_store|L形左翼|grocery_store-功能分区-101|0|2|0.08|凸窗组合|无楼梯|带前廊双坡|浅黄灰泥|松绿|前廊|1|[31.5, 37.3]|独立餐厅",planned
P154,Z08,南部老城区,rowhouse,residential,居住,False,"[377.1, 740.2]","[30.4, 34.9]","[18.9, 21.6]",90,R18,西,1,低层,L154,H053,后凸形,环形动线,2,1,-0.09,前一侧二,无楼梯,双坡,蓝灰木板,浅青,前廊,屋顶轻损,车库内门,rowhouse:154:713,"rowhouse|后凸形|环形动线|2|1|-0.09|前一侧二|无楼梯|双坡|蓝灰木板|浅青|前廊|1|[18.9, 21.6]|车库内门",planned
P155,Z08,南部老城区,detached_house,residential,居住,False,"[401.0, 820.2]","[29.9, 34.2]","[18.5, 21.2]",90,R19,东,1,低层,L155,H054,主屋加侧翼,开放核心,3,2,-0.26,窄窗组合,无楼梯,带前廊双坡,浅黄灰泥,砖红,前廊,杂草侵占,前置客厅,detached_house:155:750,"detached_house|主屋加侧翼|开放核心|3|2|-0.26|窄窗组合|无楼梯|带前廊双坡|浅黄灰泥|砖红|前廊|1|[18.5, 21.2]|前置客厅",planned
P156,Z08,南部老城区,rowhouse,residential,居住,False,"[534.8, 827.9]","[30.1, 37.3]","[18.7, 23.1]",90,R03,西,2,低层,L156,H055,错位双矩形,纵深串联,2,1,0.22,前二侧一,侧墙折梯,双坡,蓝灰木板,松绿,前廊,维护良好,独立餐厅,rowhouse:156:787,"rowhouse|错位双矩形|纵深串联|2|1|0.22|前二侧一|侧墙折梯|双坡|蓝灰木板|松绿|前廊|2|[18.7, 23.1]|独立餐厅",planned
P157,Z08,南部老城区,detached_house,residential,居住,False,"[373.9, 909.3]","[29.3, 41.1]","[18.2, 25.5]",90,R18,西,1,低层,L157,H056,T形,中央走廊,1,1,0.05,转角窗组,无楼梯,带前廊双坡,浅黄灰泥,浅青,前廊,火灾熏黑,车库内门,detached_house:157:824,"detached_house|T形|中央走廊|1|1|0.05|转角窗组|无楼梯|带前廊双坡|浅黄灰泥|浅青|前廊|1|[18.2, 25.5]|车库内门",planned
P158,Z08,南部老城区,rowhouse,residential,居住,False,"[445.5, 679.4]","[25.6, 42.0]","[15.8, 26.0]",90,R19,西,1,低层,L158,H057,矩形,前厅分流,2,1,-0.12,凸窗组合,无楼梯,双坡,蓝灰木板,砖红,前廊,屋顶轻损,前置客厅,rowhouse:158:861,"rowhouse|矩形|前厅分流|2|1|-0.12|凸窗组合|无楼梯|双坡|蓝灰木板|砖红|前廊|1|[15.8, 26.0]|前置客厅",planned
P159,Z08,南部老城区,rowhouse,residential,居住,False,"[361.5, 999.1]","[35.3, 34.7]","[21.9, 21.5]",0,R18,北,1,低层,L159,H058,L形左翼,双区分隔,1,1,-0.29,前一侧二,无楼梯,带前廊双坡,浅黄灰泥,松绿,前廊,杂草侵占,独立餐厅,rowhouse:159:898,"rowhouse|L形左翼|双区分隔|1|1|-0.29|前一侧二|无楼梯|带前廊双坡|浅黄灰泥|松绿|前廊|1|[21.9, 21.5]|独立餐厅",planned
P160,Z08,南部老城区,detached_house,residential,居住,False,"[529.4, 769.4]","[26.1, 36.3]","[16.2, 22.5]",90,R03,西,2,低层,L160,H059,L形右翼,侧走廊,4,1,0.19,窄窗组合,中央折梯,双坡,蓝灰木板,浅青,前廊,维护良好,车库内门,detached_house:160:935,"detached_house|L形右翼|侧走廊|4|1|0.19|窄窗组合|中央折梯|双坡|蓝灰木板|浅青|前廊|2|[16.2, 22.5]|车库内门",planned
P161,Z08,南部老城区,apartment_lowrise,residential,居住,False,"[475.0, 951.6]","[27.1, 37.2]","[16.8, 23.1]",0,R18,南,3,中层,L161,H060,前凸形,L形动线,2,1,0.02,前二侧一,侧墙折梯,带前廊双坡,浅黄灰泥,砖红,前廊,火灾熏黑,前置客厅,apartment_lowrise:161:972,"apartment_lowrise|前凸形|L形动线|2|1|0.02|前二侧一|侧墙折梯|带前廊双坡|浅黄灰泥|砖红|前廊|3|[16.8, 23.1]|前置客厅",planned
P162,Z08,南部老城区,rowhouse,residential,居住,False,"[547.7, 734.1]","[26.4, 37.8]","[16.4, 23.5]",90,R20,东,1,低层,L162,H061,后凸形,环形动线,2,1,-0.15,转角窗组,无楼梯,双坡,蓝灰木板,松绿,前廊,屋顶轻损,独立餐厅,rowhouse:162:012,"rowhouse|后凸形|环形动线|2|1|-0.15|转角窗组|无楼梯|双坡|蓝灰木板|松绿|前廊|1|[16.4, 23.5]|独立餐厅",planned
P163,Z08,南部老城区,rowhouse,residential,居住,False,"[624.4, 683.3]","[30.4, 38.6]","[18.8, 23.9]",0,R18,南,1,低层,L163,H062,主屋加侧翼,开放核心,1,1,-0.32,凸窗组合,无楼梯,带前廊双坡,浅黄灰泥,浅青,前廊,杂草侵占,车库内门,rowhouse:163:049,"rowhouse|主屋加侧翼|开放核心|1|1|-0.32|凸窗组合|无楼梯|带前廊双坡|浅黄灰泥|浅青|前廊|1|[18.8, 23.9]|车库内门",planned
P164,Z08,南部老城区,apartment_lowrise,residential,居住,False,"[401.0, 958.5]","[24.1, 42.5]","[14.9, 26.4]",0,R18,南,2,低层,L164,H063,错位双矩形,纵深串联,2,1,0.16,前一侧二,客厅转角梯,双坡,蓝灰木板,砖红,前廊,维护良好,前置客厅,apartment_lowrise:164:086,"apartment_lowrise|错位双矩形|纵深串联|2|1|0.16|前一侧二|客厅转角梯|双坡|蓝灰木板|砖红|前廊|2|[14.9, 26.4]|前置客厅",planned
P165,Z08,南部老城区,rowhouse,residential,居住,False,"[551.3, 866.1]","[26.5, 38.2]","[16.5, 23.7]",90,R20,东,1,低层,L165,H064,T形,中央走廊,1,1,-0.01,窄窗组合,无楼梯,带前廊双坡,浅黄灰泥,松绿,前廊,火灾熏黑,独立餐厅,rowhouse:165:123,"rowhouse|T形|中央走廊|1|1|-0.01|窄窗组合|无楼梯|带前廊双坡|浅黄灰泥|松绿|前廊|1|[16.5, 23.7]|独立餐厅",planned
P166,Z08,南部老城区,rowhouse,residential,居住,False,"[641.2, 1000.9]","[28.6, 28.9]","[17.7, 17.9]",0,R18,北,1,低层,L166,H065,矩形,前厅分流,2,1,-0.18,前二侧一,无楼梯,双坡,蓝灰木板,浅青,前廊,屋顶轻损,车库内门,rowhouse:166:160,"rowhouse|矩形|前厅分流|2|1|-0.18|前二侧一|无楼梯|双坡|蓝灰木板|浅青|前廊|1|[17.7, 17.9]|车库内门",planned
P167,Z08,南部老城区,detached_house,residential,居住,False,"[590.6, 997.0]","[33.0, 34.2]","[20.4, 21.2]",90,R20,西,1,低层,L167,H066,L形左翼,双区分隔,3,2,0.3,转角窗组,无楼梯,带前廊双坡,浅黄灰泥,砖红,前廊,杂草侵占,前置客厅,detached_house:167:197,"detached_house|L形左翼|双区分隔|3|2|0.3|转角窗组|无楼梯|带前廊双坡|浅黄灰泥|砖红|前廊|1|[20.4, 21.2]|前置客厅",planned
P168,Z08,南部老城区,detached_house,residential,居住,False,"[448.8, 836.9]","[28.5, 45.5]","[17.7, 28.2]",90,R19,西,2,低层,L168,H067,L形右翼,侧走廊,4,1,0.13,凸窗组合,后部直梯,双坡,蓝灰木板,松绿,前廊,维护良好,独立餐厅,detached_house:168:234,"detached_house|L形右翼|侧走廊|4|1|0.13|凸窗组合|后部直梯|双坡|蓝灰木板|松绿|前廊|2|[17.7, 28.2]|独立餐厅",planned
P169,Z09,东南郊区与拖车营地,rural_clinic,civic,医疗,False,"[869.7, 758.2]","[38.2, 50.2]","[27.5, 36.2]",0,R22,南,1,低层,L169,N102,后凸形,rural_clinic-功能分区-102,0,1,-0.08,凸窗组合,无楼梯,带前廊双坡,浅黄灰泥,浅青,前廊,火灾熏黑,车库内门,rural_clinic:169:271,"rural_clinic|后凸形|rural_clinic-功能分区-102|0|1|-0.08|凸窗组合|无楼梯|带前廊双坡|浅黄灰泥|浅青|前廊|1|[27.5, 36.2]|车库内门",planned
P170,Z09,东南郊区与拖车营地,self_storage,commercial,交通车辆,False,"[925.9, 755.5]","[35.7, 39.6]","[25.7, 28.5]",0,R21,北,1,低层,L170,N103,L形左翼,self_storage-功能分区-103,0,1,-0.25,前一侧二,无楼梯,双坡,蓝灰木板,砖红,前廊,屋顶轻损,前置客厅,self_storage:170:308,"self_storage|L形左翼|self_storage-功能分区-103|0|1|-0.25|前一侧二|无楼梯|双坡|蓝灰木板|砖红|前廊|1|[25.7, 28.5]|前置客厅",planned
P171,Z09,东南郊区与拖车营地,campground_service,special,休闲文化,False,"[818.5, 819.6]","[47.1, 45.6]","[32.0, 31.0]",0,R22,北,1,低层,L171,N104,T形,campground_service-功能分区-104,0,1,0.23,窄窗组合,无楼梯,带前廊双坡,浅黄灰泥,松绿,前廊,杂草侵占,独立餐厅,campground_service:171:345,"campground_service|T形|campground_service-功能分区-104|0|1|0.23|窄窗组合|无楼梯|带前廊双坡|浅黄灰泥|松绿|前廊|1|[32.0, 31.0]|独立餐厅",planned
P172,Z09,东南郊区与拖车营地,trailer,residential,居住,False,"[833.4, 902.3]","[28.5, 43.5]","[17.7, 27.0]",0,R22,南,1,低层,L172,H068,前凸形,纵深串联,1,1,0.06,前二侧一,无楼梯,双坡,蓝灰木板,浅青,前廊,维护良好,车库内门,trailer:172:382,"trailer|前凸形|纵深串联|1|1|0.06|前二侧一|无楼梯|双坡|蓝灰木板|浅青|前廊|1|[17.7, 27.0]|车库内门",planned
P173,Z09,东南郊区与拖车营地,trailer,residential,居住,False,"[872.3, 960.8]","[26.9, 37.5]","[16.6, 23.3]",0,R21,南,1,低层,L173,H069,后凸形,中央走廊,1,1,-0.11,转角窗组,无楼梯,带前廊双坡,浅黄灰泥,砖红,前廊,火灾熏黑,前置客厅,trailer:173:419,"trailer|后凸形|中央走廊|1|1|-0.11|转角窗组|无楼梯|带前廊双坡|浅黄灰泥|砖红|前廊|1|[16.6, 23.3]|前置客厅",planned
P174,Z09,东南郊区与拖车营地,detached_house,residential,居住,False,"[710.6, 821.3]","[34.3, 39.1]","[21.3, 24.2]",0,R22,北,1,低层,L174,H070,主屋加侧翼,前厅分流,3,2,-0.28,凸窗组合,无楼梯,双坡,蓝灰木板,松绿,前廊,屋顶轻损,独立餐厅,detached_house:174:456,"detached_house|主屋加侧翼|前厅分流|3|2|-0.28|凸窗组合|无楼梯|双坡|蓝灰木板|松绿|前廊|1|[21.3, 24.2]|独立餐厅",planned
P175,Z09,东南郊区与拖车营地,detached_house,residential,居住,False,"[981.8, 951.3]","[31.2, 31.1]","[19.4, 19.3]",90,R21,西,1,低层,L175,H071,错位双矩形,双区分隔,4,1,0.2,前一侧二,无楼梯,带前廊双坡,浅黄灰泥,浅青,前廊,杂草侵占,车库内门,detached_house:175:493,"detached_house|错位双矩形|双区分隔|4|1|0.2|前一侧二|无楼梯|带前廊双坡|浅黄灰泥|浅青|前廊|1|[19.4, 19.3]|车库内门",planned
P176,Z09,东南郊区与拖车营地,trailer,residential,居住,False,"[968.0, 703.3]","[26.9, 41.5]","[16.7, 25.7]",0,R21,南,1,低层,L176,H072,T形,侧走廊,1,1,0.03,窄窗组合,无楼梯,双坡,蓝灰木板,砖红,前廊,维护良好,前置客厅,trailer:176:530,"trailer|T形|侧走廊|1|1|0.03|窄窗组合|无楼梯|双坡|蓝灰木板|砖红|前廊|1|[16.7, 25.7]|前置客厅",planned
P177,Z09,东南郊区与拖车营地,detached_house,residential,居住,False,"[890.3, 835.0]","[29.1, 30.5]","[18.1, 18.9]",90,R22,东,1,低层,L177,H073,矩形,L形动线,2,1,-0.14,前二侧一,无楼梯,带前廊双坡,浅黄灰泥,松绿,前廊,火灾熏黑,独立餐厅,detached_house:177:567,"detached_house|矩形|L形动线|2|1|-0.14|前二侧一|无楼梯|带前廊双坡|浅黄灰泥|松绿|前廊|1|[18.1, 18.9]|独立餐厅",planned
P178,Z09,东南郊区与拖车营地,trailer,residential,居住,False,"[822.5, 762.7]","[26.3, 40.2]","[16.3, 25.0]",0,R22,南,1,低层,L178,H074,L形左翼,环形动线,1,1,-0.31,转角窗组,无楼梯,双坡,蓝灰木板,浅青,前廊,屋顶轻损,车库内门,trailer:178:604,"trailer|L形左翼|环形动线|1|1|-0.31|转角窗组|无楼梯|双坡|蓝灰木板|浅青|前廊|1|[16.3, 25.0]|车库内门",planned
P179,Z09,东南郊区与拖车营地,trailer,residential,居住,False,"[727.6, 757.1]","[38.0, 45.8]","[23.5, 28.4]",0,R22,南,1,低层,L179,H075,L形右翼,开放核心,1,1,0.17,凸窗组合,无楼梯,带前廊双坡,浅黄灰泥,砖红,前廊,杂草侵占,前置客厅,trailer:179:641,"trailer|L形右翼|开放核心|1|1|0.17|凸窗组合|无楼梯|带前廊双坡|浅黄灰泥|砖红|前廊|1|[23.5, 28.4]|前置客厅",planned
P180,Z09,东南郊区与拖车营地,trailer,residential,居住,False,"[930.8, 986.3]","[24.8, 34.1]","[15.4, 21.1]",90,R21,西,1,低层,L180,H076,前凸形,纵深串联,1,1,0.0,前一侧二,无楼梯,双坡,蓝灰木板,松绿,前廊,维护良好,独立餐厅,trailer:180:678,"trailer|前凸形|纵深串联|1|1|0.0|前一侧二|无楼梯|双坡|蓝灰木板|松绿|前廊|1|[15.4, 21.1]|独立餐厅",planned
